Survived,PassengerId,Age_categories_Missing,Age_categories_Infant,Age_categories_Child,Age_categories_Teenager,Age_categories_Young Adult,Age_categories_Adult,Age_categories_Senior,Pclass_1,Pclass_2,Pclass_3,Sex_female,Sex_male,Embarked_C,Embarked_Q,Embarked_S,SibSp_scaled,Parch_scaled,Fare_scaled,Fare_categories_0-12,Fare_categories_12-50,Fare_categories_50-100,Fare_categories_100+,Title_Master,Title_Miss,Title_Mr,Title_Mrs,Title_Officer,Title_Royalty,Cabin_type_A,Cabin_type_B,Cabin_type_C,Cabin_type_D,Cabin_type_E,Cabin_type_F,Cabin_type_G,Cabin_type_T,Cabin_type_Unknown
0,1,0,0,0,0,1,0,0,0,0,1,0,1,0,0,1,0.125,0.0,0.014151057562208049,1,0,0,0,0,0,1,0,0,0,0,0,0,0,0,0,0,0,1
1,2,0,0,0,0,0,1,0,1,0,0,1,0,1,0,0,0.125,0.0,0.13913573538264068,0,0,1,0,0,0,0,1,0,0,0,0,1,0,0,0,0,0,0
1,3,0,0,0,0,1,0,0,0,0,1,1,0,0,0,1,0.0,0.0,0.015468569817999833,1,0,0,0,0,1,0,0,0,0,0,0,0,0,0,0,0,0,1
1,4,0,0,0,0,1,0,0,1,0,0,1,0,0,0,1,0.125,0.0,0.10364429745562033,0,0,1,0,0,0,0,1,0,0,0,0,1,0,0,0,0,0,0
0,5,0,0,0,0,1,0,0,0,0,1,0,1,0,0,1,0.0,0.0,0.015712553569072387,1,0,0,0,0,0,1,0,0,0,0,0,0,0,0,0,0,0,1
0,6,1,0,0,0,0,0,0,0,0,1,0,1,0,1,0,0.0,0.0,0.01650950209357577,1,0,0,0,0,0,1,0,0,0,0,0,0,0,0,0,0,0,1
0,7,0,0,0,0,0,1,0,1,0,0,0,1,0,0,1,0.0,0.0,0.10122885832000206,0,0,1,0,0,0,1,0,0,0,0,0,0,0,1,0,0,0,0
0,8,0,1,0,0,0,0,0,0,0,1,0,1,0,0,1,0.375,0.16666666666666666,0.04113566043083236,0,1,0,0,1,0,0,0,0,0,0,0,0,0,0,0,0,0,1
1,9,0,0,0,0,1,0,0,0,0,1,1,0,0,0,1,0.0,0.3333333333333333,0.021730754366528396,1,0,0,0,0,0,0,1,0,0,0,0,0,0,0,0,0,0,1
1,10,0,0,0,1,0,0,0,0,1,0,1,0,1,0,0,0.125,0.0,0.058694292654020104,0,1,0,0,0,0,0,1,0,0,0,0,0,0,0,0,0,0,1
1,11,0,1,0,0,0,0,0,0,0,1,1,0,0,0,1,0.125,0.16666666666666666,0.03259622914329302,0,1,0,0,0,1,0,0,0,0,0,0,0,0,0,0,1,0,0
1,12,0,0,0,0,0,1,0,1,0,0,1,0,0,0,1,0.0,0.0,0.051822148727810165,0,1,0,0,0,1,0,0,0,0,0,0,1,0,0,0,0,0,0
0,13,0,0,0,0,1,0,0,0,0,1,0,1,0,0,1,0.0,0.0,0.015712553569072387,1,0,0,0,0,0,1,0,0,0,0,0,0,0,0,0,0,0,1
0,14,0,0,0,0,0,1,0,0,0,1,0,1,0,0,1,0.125,0.8333333333333333,0.06104473451835265,0,1,0,0,0,0,1,0,0,0,0,0,0,0,0,0,0,0,1
0,15,0,0,0,1,0,0,0,0,0,1,1,0,0,0,1,0.0,0.0,0.015330377421392339,1,0,0,0,0,1,0,0,0,0,0,0,0,0,0,0,0,0,1
1,16,0,0,0,0,0,1,0,0,1,0,1,0,0,0,1,0.0,0.0,0.03122992013728673,0,1,0,0,0,0,0,1,0,0,0,0,0,0,0,0,0,0,1
0,17,0,1,0,0,0,0,0,0,0,1,0,1,0,1,0,0.5,0.16666666666666666,0.05684821399990475,0,1,0,0,1,0,0,0,0,0,0,0,0,0,0,0,0,0,1
1,18,1,0,0,0,0,0,0,0,1,0,0,1,0,0,1,0.0,0.0,0.025374310111545468,0,1,0,0,0,0,1,0,0,0,0,0,0,0,0,0,0,0,1
0,19,0,0,0,0,1,0,0,0,0,1,1,0,0,0,1,0.125,0.0,0.03513366015444757,0,1,0,0,0,0,0,1,0,0,0,0,0,0,0,0,0,0,1
1,20,1,0,0,0,0,0,0,0,0,1,1,0,1,0,0,0.0,0.0,0.014102260811993537,1,0,0,0,0,0,0,1,0,0,0,0,0,0,0,0,0,0,1
0,21,0,0,0,0,1,0,0,0,1,0,0,1,0,0,1,0.0,0.0,0.050748620223090936,0,1,0,0,0,0,1,0,0,0,0,0,0,0,0,0,0,0,1
1,22,0,0,0,0,1,0,0,0,1,0,0,1,0,0,1,0.0,0.0,0.025374310111545468,0,1,0,0,0,0,1,0,0,0,0,0,0,1,0,0,0,0,0
1,23,0,0,0,1,0,0,0,0,0,1,1,0,0,1,0,0.0,0.0,0.015671954672893913,1,0,0,0,0,1,0,0,0,0,0,0,0,0,0,0,0,0,1
1,24,0,0,0,0,1,0,0,1,0,0,0,1,0,0,1,0.0,0.0,0.06929138530460494,0,1,0,0,0,0,1,0,0,0,1,0,0,0,0,0,0,0,0
0,25,0,0,1,0,0,0,0,0,0,1,1,0,0,0,1,0.375,0.16666666666666666,0.04113566043083236,0,1,0,0,0,1,0,0,0,0,0,0,0,0,0,0,0,0,1
1,26,0,0,0,0,0,1,0,0,0,1,1,0,0,0,1,0.125,0.8333333333333333,0.06126431989431795,0,1,0,0,0,0,0,1,0,0,0,0,0,0,0,0,0,0,1
0,27,1,0,0,0,0,0,0,0,0,1,0,1,1,0,0,0.0,0.0,0.014102260811993537,1,0,0,0,0,0,1,0,0,0,0,0,0,0,0,0,0,0,1
0,28,0,0,0,0,1,0,0,1,0,0,0,1,0,0,1,0.375,0.3333333333333333,0.5133418122566507,0,0,0,1,0,0,1,0,0,0,0,0,1,0,0,0,0,0,0
1,29,1,0,0,0,0,0,0,0,0,1,1,0,0,1,0,0.0,0.0,0.01537917417160685,1,0,0,0,0,1,0,0,0,0,0,0,0,0,0,0,0,0,1
0,30,1,0,0,0,0,0,0,0,0,1,0,1,0,0,1,0.0,0.0,0.015411575213749286,1,0,0,0,0,0,1,0,0,0,0,0,0,0,0,0,0,0,1
0,31,0,0,0,0,0,1,0,1,0,0,0,1,1,0,0,0.0,0.0,0.05410739813385612,0,1,0,0,0,0,0,0,0,1,0,0,0,0,0,0,0,0,1
1,32,1,0,0,0,0,0,0,1,0,0,1,0,1,0,0,0.125,0.0,0.2859895551532101,0,0,0,1,0,0,0,1,0,0,0,1,0,0,0,0,0,0,0
1,33,1,0,0,0,0,0,0,0,0,1,1,0,0,1,0,0.0,0.0,0.015126992566498259,1,0,0,0,0,1,0,0,0,0,0,0,0,0,0,0,0,0,1
0,34,0,0,0,0,0,0,1,0,1,0,0,1,0,0,1,0.0,0.0,0.020494635090094415,1,0,0,0,0,0,1,0,0,0,0,0,0,0,0,0,0,0,1
0,35,0,0,0,0,1,0,0,1,0,0,0,1,1,0,0,0.125,0.0,0.16038672010106003,0,0,1,0,0,0,1,0,0,0,0,0,0,0,0,0,0,0,1
0,36,0,0,0,0,0,1,0,1,0,0,0,1,0,0,1,0.125,0.0,0.10149724044618187,0,0,1,0,0,0,1,0,0,0,0,0,0,0,0,0,0,0,1
1,37,1,0,0,0,0,0,0,0,0,1,0,1,1,0,0,0.0,0.0,0.014110458666029575,1,0,0,0,0,0,1,0,0,0,0,0,0,0,0,0,0,0,1
0,38,0,0,0,0,1,0,0,0,0,1,0,1,0,0,1,0.0,0.0,0.015712553569072387,1,0,0,0,0,0,1,0,0,0,0,0,0,0,0,0,0,0,1
0,39,0,0,0,1,0,0,0,0,0,1,1,0,0,0,1,0.25,0.0,0.03513366015444757,0,1,0,0,0,1,0,0,0,0,0,0,0,0,0,0,0,0,1
1,40,0,0,0,1,0,0,0,0,0,1,1,0,1,0,0,0.125,0.0,0.021942337075458514,1,0,0,0,0,1,0,0,0,0,0,0,0,0,0,0,0,0,1
0,41,0,0,0,0,0,1,0,0,0,1,1,0,0,0,1,0.125,0.0,0.018493968331299484,1,0,0,0,0,0,0,1,0,0,0,0,0,0,0,0,0,0,1
0,42,0,0,0,0,1,0,0,0,1,0,1,0,0,0,1,0.125,0.0,0.04098927018018883,0,1,0,0,0,0,0,1,0,0,0,0,0,0,0,0,0,0,1
0,43,1,0,0,0,0,0,0,0,0,1,0,1,1,0,0,0.0,0.0,0.015411575213749286,1,0,0,0,0,0,1,0,0,0,0,0,0,0,0,0,0,0,1
1,44,0,1,0,0,0,0,0,0,1,0,1,0,1,0,0,0.125,0.3333333333333333,0.08115719346076702,0,1,0,0,0,1,0,0,0,0,0,0,0,0,0,0,0,0,1
1,45,0,0,0,0,1,0,0,0,0,1,1,0,0,1,0,0.0,0.0,0.01537917417160685,1,0,0,0,0,1,0,0,0,0,0,0,0,0,0,0,0,0,1
0,46,1,0,0,0,0,0,0,0,0,1,0,1,0,0,1,0.0,0.0,0.015712553569072387,1,0,0,0,0,0,1,0,0,0,0,0,0,0,0,0,0,0,1
0,47,1,0,0,0,0,0,0,0,0,1,0,1,0,1,0,0.125,0.0,0.030253985132996517,0,1,0,0,0,0,1,0,0,0,0,0,0,0,0,0,0,0,1
1,48,1,0,0,0,0,0,0,0,0,1,1,0,0,1,0,0.0,0.0,0.015126992566498259,1,0,0,0,0,1,0,0,0,0,0,0,0,0,0,0,0,0,1
0,49,1,0,0,0,0,0,0,0,0,1,0,1,1,0,0,0.25,0.0,0.04231498029001666,0,1,0,0,0,0,1,0,0,0,0,0,0,0,0,0,0,0,1
0,50,0,0,0,1,0,0,0,0,0,1,1,0,0,0,1,0.125,0.0,0.034743286152731485,0,1,0,0,0,0,0,1,0,0,0,0,0,0,0,0,0,0,1
0,51,0,0,1,0,0,0,0,0,0,1,0,1,0,0,1,0.5,0.16666666666666666,0.07746484096553544,0,1,0,0,1,0,0,0,0,0,0,0,0,0,0,0,0,0,1
0,52,0,0,0,0,1,0,0,0,0,1,0,1,0,0,1,0.0,0.0,0.01522458606692728,1,0,0,0,0,0,1,0,0,0,0,0,0,0,0,0,0,0,1
1,53,0,0,0,0,0,1,0,1,0,0,1,0,1,0,0,0.125,0.0,0.1497654242623688,0,0,1,0,0,0,0,1,0,0,0,0,0,1,0,0,0,0,0
1,54,0,0,0,0,1,0,0,0,1,0,1,0,0,0,1,0.125,0.0,0.050748620223090936,0,1,0,0,0,0,0,1,0,0,0,0,0,0,0,0,0,0,1
0,55,0,0,0,0,0,0,1,1,0,0,0,1,1,0,0,0.0,0.16666666666666666,0.1209753416358076,0,0,1,0,0,0,1,0,0,0,0,1,0,0,0,0,0,0,0
1,56,1,0,0,0,0,0,0,1,0,0,0,1,0,0,1,0.0,0.0,0.06929138530460494,0,1,0,0,0,0,1,0,0,0,0,0,1,0,0,0,0,0,0
1,57,0,0,0,0,1,0,0,0,1,0,1,0,0,0,1,0.0,0.0,0.020494635090094415,1,0,0,0,0,1,0,0,0,0,0,0,0,0,0,0,0,0,1
0,58,0,0,0,0,1,0,0,0,0,1,0,1,1,0,0,0.0,0.0,0.014110458666029575,1,0,0,0,0,0,1,0,0,0,0,0,0,0,0,0,0,0,1
1,59,0,1,0,0,0,0,0,0,1,0,1,0,0,0,1,0.125,0.3333333333333333,0.05416439273810667,0,1,0,0,0,1,0,0,0,0,0,0,0,0,0,0,0,0,1
0,60,0,0,1,0,0,0,0,0,0,1,0,1,0,0,1,0.625,0.3333333333333333,0.09154270340242172,0,1,0,0,1,0,0,0,0,0,0,0,0,0,0,0,0,0,1
0,61,0,0,0,0,1,0,0,0,0,1,0,1,1,0,0,0.0,0.0,0.014110458666029575,1,0,0,0,0,0,1,0,0,0,0,0,0,0,0,0,0,0,1
1,62,0,0,0,0,0,1,0,1,0,0,1,0,0,0,1,0.0,0.0,0.15614960068643363,0,0,1,0,0,1,0,0,0,0,0,1,0,0,0,0,0,0,0
0,63,0,0,0,0,0,1,0,1,0,0,0,1,0,0,1,0.125,0.0,0.16293234896625058,0,0,1,0,0,0,1,0,0,0,0,0,1,0,0,0,0,0,0
0,64,0,1,0,0,0,0,0,0,0,1,0,1,0,0,1,0.375,0.3333333333333333,0.05445717323939373,0,1,0,0,1,0,0,0,0,0,0,0,0,0,0,0,0,0,1
0,65,1,0,0,0,0,0,0,1,0,0,0,1,1,0,0,0.0,0.0,0.05410739813385612,0,1,0,0,0,0,1,0,0,0,0,0,0,0,0,0,0,0,1
1,66,1,0,0,0,0,0,0,0,0,1,0,1,1,0,0,0.125,0.16666666666666666,0.029757819776815374,0,1,0,0,1,0,0,0,0,0,0,0,0,0,0,0,0,0,1
1,67,0,0,0,0,1,0,0,0,1,0,1,0,0,0,1,0.0,0.0,0.020494635090094415,1,0,0,0,0,0,0,1,0,0,0,0,0,0,0,1,0,0,0
0,68,0,0,0,0,1,0,0,0,0,1,0,1,0,0,1,0.0,0.0,0.015923941091001644,1,0,0,0,0,0,1,0,0,0,0,0,0,0,0,0,0,0,1
1,69,0,0,0,1,0,0,0,0,0,1,1,0,0,0,1,0.5,0.3333333333333333,0.015468569817999833,1,0,0,0,0,1,0,0,0,0,0,0,0,0,0,0,0,0,1
0,70,0,0,0,0,1,0,0,0,0,1,0,1,0,0,1,0.25,0.0,0.016908073949327893,1,0,0,0,0,0,1,0,0,0,0,0,0,0,0,0,0,0,1
0,71,0,0,0,0,1,0,0,0,1,0,0,1,0,0,1,0.0,0.0,0.020494635090094415,1,0,0,0,0,0,1,0,0,0,0,0,0,0,0,0,0,0,1
0,72,0,0,0,1,0,0,0,0,0,1,1,0,0,0,1,0.625,0.3333333333333333,0.09154270340242172,0,1,0,0,0,1,0,0,0,0,0,0,0,0,0,0,0,0,1
0,73,0,0,0,0,1,0,0,0,1,0,0,1,0,0,1,0.0,0.0,0.1434624456306609,0,0,1,0,0,0,1,0,0,0,0,0,0,0,0,0,0,0,1
0,74,0,0,0,0,1,0,0,0,0,1,0,1,1,0,0,0.125,0.0,0.028212719478023115,0,1,0,0,0,0,1,0,0,0,0,0,0,0,0,0,0,0,1
1,75,0,0,0,0,1,0,0,0,0,1,0,1,0,0,1,0.0,0.0,0.11027245763075773,0,0,1,0,0,0,1,0,0,0,0,0,0,0,0,0,0,0,1
0,76,0,0,0,0,1,0,0,0,0,1,0,1,0,0,1,0.0,0.0,0.014931805565640218,1,0,0,0,0,0,1,0,0,0,0,0,0,0,0,1,0,0,0
0,77,1,0,0,0,0,0,0,0,0,1,0,1,0,0,1,0.0,0.0,0.015411575213749286,1,0,0,0,0,0,1,0,0,0,0,0,0,0,0,0,0,0,1
0,78,1,0,0,0,0,0,0,0,0,1,0,1,0,0,1,0.0,0.0,0.015712553569072387,1,0,0,0,0,0,1,0,0,0,0,0,0,0,0,0,0,0,1
1,79,0,1,0,0,0,0,0,0,1,0,0,1,0,0,1,0.0,0.3333333333333333,0.056604230248832196,0,1,0,0,1,0,0,0,0,0,0,0,0,0,0,0,0,0,1
1,80,0,0,0,0,1,0,0,0,0,1,1,0,0,0,1,0.0,0.0,0.024349578357040744,0,1,0,0,0,1,0,0,0,0,0,0,0,0,0,0,0,0,1
0,81,0,0,0,0,1,0,0,0,0,1,0,1,0,0,1,0.0,0.0,0.017566830077223785,1,0,0,0,0,0,1,0,0,0,0,0,0,0,0,0,0,0,1
1,82,0,0,0,0,1,0,0,0,0,1,0,1,0,0,1,0.0,0.0,0.018542765081513996,1,0,0,0,0,0,1,0,0,0,0,0,0,0,0,0,0,0,1
1,83,1,0,0,0,0,0,0,0,0,1,1,0,0,1,0,0.0,0.0,0.015200187691820024,1,0,0,0,0,1,0,0,0,0,0,0,0,0,0,0,0,0,1
0,84,0,0,0,0,1,0,0,1,0,0,0,1,0,0,1,0.0,0.0,0.09193307740413781,0,1,0,0,0,0,1,0,0,0,0,0,0,0,0,0,0,0,1
1,85,0,0,0,1,0,0,0,0,1,0,1,0,0,0,1,0.0,0.0,0.020494635090094415,1,0,0,0,0,1,0,0,0,0,0,0,0,0,0,0,0,0,1
1,86,0,0,0,0,1,0,0,0,0,1,1,0,0,0,1,0.375,0.0,0.030937139635999665,0,1,0,0,0,0,0,1,0,0,0,0,0,0,0,0,0,0,1
0,87,0,0,0,1,0,0,0,0,0,1,0,1,0,0,1,0.125,0.5,0.06709553154495196,0,1,0,0,0,0,1,0,0,0,0,0,0,0,0,0,0,0,1
0,88,1,0,0,0,0,0,0,0,0,1,0,1,0,0,1,0.0,0.0,0.015712553569072387,1,0,0,0,0,0,1,0,0,0,0,0,0,0,0,0,0,0,1
1,89,0,0,0,0,1,0,0,1,0,0,1,0,0,0,1,0.375,0.3333333333333333,0.5133418122566507,0,0,0,1,0,1,0,0,0,0,0,0,1,0,0,0,0,0,0
0,90,0,0,0,0,1,0,0,0,0,1,0,1,0,0,1,0.0,0.0,0.015712553569072387,1,0,0,0,0,0,1,0,0,0,0,0,0,0,0,0,0,0,1
0,91,0,0,0,0,1,0,0,0,0,1,0,1,0,0,1,0.0,0.0,0.015712553569072387,1,0,0,0,0,0,1,0,0,0,0,0,0,0,0,0,0,0,1
0,92,0,0,0,0,1,0,0,0,0,1,0,1,0,0,1,0.0,0.0,0.015330377421392339,1,0,0,0,0,0,1,0,0,0,0,0,0,0,0,0,0,0,1
0,93,0,0,0,0,0,1,0,1,0,0,0,1,0,0,1,0.125,0.0,0.11940564777490723,0,0,1,0,0,0,1,0,0,0,0,0,0,0,1,0,0,0,0
0,94,0,0,0,0,1,0,0,0,0,1,0,1,0,0,1,0.125,0.3333333333333333,0.04015972542654215,0,1,0,0,0,0,1,0,0,0,0,0,0,0,0,0,0,0,1
0,95,0,0,0,0,0,1,0,0,0,1,0,1,0,0,1,0.0,0.0,0.014151057562208049,1,0,0,0,0,0,1,0,0,0,0,0,0,0,0,0,0,0,1
0,96,1,0,0,0,0,0,0,0,0,1,0,1,0,0,1,0.0,0.0,0.015712553569072387,1,0,0,0,0,0,1,0,0,0,0,0,0,0,0,0,0,0,1
0,97,0,0,0,0,0,0,1,1,0,0,0,1,1,0,0,0.0,0.0,0.06764049365134761,0,1,0,0,0,0,1,0,0,0,1,0,0,0,0,0,0,0,0
1,98,0,0,0,0,1,0,0,1,0,0,0,1,1,0,0,0.0,0.16666666666666666,0.12366716556464086,0,0,1,0,0,0,1,0,0,0,0,0,0,1,0,0,0,0,0
1,99,0,0,0,0,1,0,0,0,1,0,1,0,0,0,1,0.0,0.16666666666666666,0.044893010197349675,0,1,0,0,0,0,0,1,0,0,0,0,0,0,0,0,0,0,1
0,100,0,0,0,0,1,0,0,0,1,0,0,1,0,0,1,0.125,0.0,0.050748620223090936,0,1,0,0,0,0,1,0,0,0,0,0,0,0,0,0,0,0,1
0,101,0,0,0,0,1,0,0,0,0,1,1,0,0,0,1,0.0,0.0,0.015411575213749286,1,0,0,0,0,1,0,0,0,0,0,0,0,0,0,0,0,0,1
0,102,1,0,0,0,0,0,0,0,0,1,0,1,0,0,1,0.0,0.0,0.015411575213749286,1,0,0,0,0,0,1,0,0,0,0,0,0,0,0,0,0,0,1
0,103,0,0,0,0,1,0,0,1,0,0,0,1,0,0,1,0.0,0.16666666666666666,0.15085515328815924,0,0,1,0,0,0,1,0,0,0,0,0,0,1,0,0,0,0,0
0,104,0,0,0,0,1,0,0,0,0,1,0,1,0,0,1,0.0,0.0,0.016891873428256675,1,0,0,0,0,0,1,0,0,0,0,0,0,0,0,0,0,0,1
0,105,0,0,0,0,0,1,0,0,0,1,0,1,0,0,1,0.25,0.0,0.015468569817999833,1,0,0,0,0,0,1,0,0,0,0,0,0,0,0,0,0,0,1
0,106,0,0,0,0,1,0,0,0,0,1,0,1,0,0,1,0.0,0.0,0.015411575213749286,1,0,0,0,0,0,1,0,0,0,0,0,0,0,0,0,0,0,1
1,107,0,0,0,0,1,0,0,0,0,1,1,0,0,0,1,0.0,0.0,0.014931805565640218,1,0,0,0,0,1,0,0,0,0,0,0,0,0,0,0,0,0,1
1,108,1,0,0,0,0,0,0,0,0,1,0,1,0,0,1,0.0,0.0,0.015175789316712771,1,0,0,0,0,0,1,0,0,0,0,0,0,0,0,0,0,0,1
0,109,0,0,0,0,0,1,0,0,0,1,0,1,0,0,1,0.0,0.0,0.015411575213749286,1,0,0,0,0,0,1,0,0,0,0,0,0,0,0,0,0,0,1
1,110,1,0,0,0,0,0,0,0,0,1,1,0,0,1,0,0.125,0.0,0.04713766070721715,0,1,0,0,0,1,0,0,0,0,0,0,0,0,0,0,0,0,1
0,111,0,0,0,0,0,1,0,1,0,0,0,1,0,0,1,0.0,0.0,0.10149724044618187,0,0,1,0,0,0,1,0,0,0,0,0,1,0,0,0,0,0,0
0,112,0,0,0,1,0,0,0,0,0,1,1,0,1,0,0,0.125,0.0,0.028212719478023115,0,1,0,0,0,1,0,0,0,0,0,0,0,0,0,0,0,0,1
0,113,0,0,0,0,1,0,0,0,0,1,0,1,0,0,1,0.0,0.0,0.015712553569072387,1,0,0,0,0,0,1,0,0,0,0,0,0,0,0,0,0,0,1
0,114,0,0,0,0,1,0,0,0,0,1,1,0,0,0,1,0.125,0.0,0.019177122834302632,1,0,0,0,0,1,0,0,0,0,0,0,0,0,0,0,0,0,1
0,115,0,0,0,1,0,0,0,0,0,1,1,0,1,0,0,0.0,0.0,0.028220722145058292,0,1,0,0,0,1,0,0,0,0,0,0,0,0,0,0,0,0,1
0,116,0,0,0,0,1,0,0,0,0,1,0,1,0,0,1,0.0,0.0,0.015468569817999833,1,0,0,0,0,0,1,0,0,0,0,0,0,0,0,0,0,0,1
0,117,0,0,0,0,0,0,1,0,0,1,0,1,0,1,0,0.0,0.0,0.015126992566498259,1,0,0,0,0,0,1,0,0,0,0,0,0,0,0,0,0,0,1
0,118,0,0,0,0,1,0,0,0,1,0,0,1,0,0,1,0.125,0.0,0.04098927018018883,0,1,0,0,0,0,1,0,0,0,0,0,0,0,0,0,0,0,1
0,119,0,0,0,0,1,0,0,1,0,0,0,1,1,0,0,0.0,0.16666666666666666,0.4831284260198326,0,0,0,1,0,0,1,0,0,0,0,1,0,0,0,0,0,0,0
0,120,0,1,0,0,0,0,0,0,0,1,1,0,0,0,1,0.5,0.3333333333333333,0.06104473451835265,0,1,0,0,0,1,0,0,0,0,0,0,0,0,0,0,0,0,1
0,121,0,0,0,0,1,0,0,0,1,0,0,1,0,0,1,0.25,0.0,0.1434624456306609,0,0,1,0,0,0,1,0,0,0,0,0,0,0,0,0,0,0,1
0,122,1,0,0,0,0,0,0,0,0,1,0,1,0,0,1,0.0,0.0,0.015712553569072387,1,0,0,0,0,0,1,0,0,0,0,0,0,0,0,0,0,0,1
0,123,0,0,0,0,1,0,0,0,1,0,0,1,1,0,0,0.125,0.0,0.058694292654020104,0,1,0,0,0,0,1,0,0,0,0,0,0,0,0,0,0,0,1
1,124,0,0,0,0,1,0,0,0,1,0,1,0,0,0,1,0.0,0.0,0.025374310111545468,0,1,0,0,0,1,0,0,0,0,0,0,0,0,1,0,0,0,0
0,125,0,0,0,0,0,1,0,1,0,0,0,1,0,0,1,0.0,0.16666666666666666,0.15085515328815924,0,0,1,0,0,0,1,0,0,0,0,0,0,1,0,0,0,0,0
1,126,0,0,1,0,0,0,0,0,0,1,0,1,1,0,0,0.125,0.0,0.021942337075458514,1,0,0,0,1,0,0,0,0,0,0,0,0,0,0,0,0,0,1
0,127,1,0,0,0,0,0,0,0,0,1,0,1,0,1,0,0.0,0.0,0.015126992566498259,1,0,0,0,0,0,1,0,0,0,0,0,0,0,0,0,0,0,1
1,128,0,0,0,0,1,0,0,0,0,1,0,1,0,0,1,0.0,0.0,0.01393967004027879,1,0,0,0,0,0,1,0,0,0,0,0,0,0,0,0,0,0,1
1,129,1,0,0,0,0,0,0,0,0,1,1,0,1,0,0,0.125,0.16666666666666666,0.04364049521284362,0,1,0,0,0,1,0,0,0,0,0,0,0,0,0,1,0,0,0
0,130,0,0,0,0,0,1,0,0,0,1,0,1,0,0,1,0.0,0.0,0.013614293309848433,1,0,0,0,0,0,1,0,0,0,0,0,0,0,0,0,0,0,1
0,131,0,0,0,0,1,0,0,0,0,1,0,1,1,0,0,0.0,0.0,0.015411575213749286,1,0,0,0,0,0,1,0,0,0,0,0,0,0,0,0,0,0,1
0,132,0,0,0,0,1,0,0,0,0,1,0,1,0,0,1,0.0,0.0,0.013760683560491965,1,0,0,0,0,0,1,0,0,0,0,0,0,0,0,0,0,0,1
0,133,0,0,0,0,0,1,0,0,0,1,1,0,0,0,1,0.125,0.0,0.028302115124416098,0,1,0,0,0,0,0,1,0,0,0,0,0,0,0,0,0,0,1
1,134,0,0,0,0,1,0,0,0,1,0,1,0,0,0,1,0.125,0.0,0.050748620223090936,0,1,0,0,0,0,0,1,0,0,0,0,0,0,0,0,0,0,1
0,135,0,0,0,0,1,0,0,0,1,0,0,1,0,0,1,0.0,0.0,0.025374310111545468,0,1,0,0,0,0,1,0,0,0,0,0,0,0,0,0,0,0,1
0,136,0,0,0,0,1,0,0,0,1,0,0,1,1,0,0,0.0,0.0,0.02936744577509929,0,1,0,0,0,0,1,0,0,0,0,0,0,0,0,0,0,0,1
1,137,0,0,0,0,1,0,0,1,0,0,1,0,0,0,1,0.0,0.3333333333333333,0.051301584996521765,0,1,0,0,0,1,0,0,0,0,0,0,0,1,0,0,0,0,0
0,138,0,0,0,0,0,1,0,1,0,0,0,1,0,0,1,0.125,0.0,0.10364429745562033,0,0,1,0,0,0,1,0,0,0,0,0,1,0,0,0,0,0,0
0,139,0,0,0,1,0,0,0,0,0,1,0,1,0,0,1,0.0,0.0,0.01798980030808316,1,0,0,0,0,0,1,0,0,0,0,0,0,0,0,0,0,0,1
0,140,0,0,0,0,1,0,0,1,0,0,0,1,1,0,0,0.0,0.0,0.15458810467956932,0,0,1,0,0,0,1,0,0,0,0,1,0,0,0,0,0,0,0
0,141,1,0,0,0,0,0,0,0,0,1,1,0,1,0,0,0.0,0.3333333333333333,0.029757819776815374,0,1,0,0,0,0,0,1,0,0,0,0,0,0,0,0,0,0,1
1,142,0,0,0,0,1,0,0,0,0,1,1,0,0,0,1,0.0,0.0,0.015126992566498259,1,0,0,0,0,1,0,0,0,0,0,0,0,0,0,0,0,0,1
1,143,0,0,0,0,1,0,0,0,0,1,1,0,0,0,1,0.125,0.0,0.030937139635999665,0,1,0,0,0,0,0,1,0,0,0,0,0,0,0,0,0,0,1
0,144,0,0,0,0,1,0,0,0,0,1,0,1,0,1,0,0.0,0.0,0.013175122557917838,1,0,0,0,0,0,1,0,0,0,0,0,0,0,0,0,0,0,1
0,145,0,0,0,1,0,0,0,0,1,0,0,1,0,0,1,0.0,0.0,0.022446505098674838,1,0,0,0,0,0,1,0,0,0,0,0,0,0,0,0,0,0,1
0,146,0,0,0,0,1,0,0,0,1,0,0,1,0,0,1,0.125,0.16666666666666666,0.07173122281533045,0,1,0,0,0,0,1,0,0,0,0,0,0,0,0,0,0,0,1
1,147,0,0,0,0,1,0,0,0,0,1,0,1,0,0,1,0.0,0.0,0.015216388212891242,1,0,0,0,0,0,1,0,0,0,0,0,0,0,0,0,0,0,1
0,148,0,0,1,0,0,0,0,0,0,1,1,0,0,0,1,0.25,0.3333333333333333,0.06709553154495196,0,1,0,0,0,1,0,0,0,0,0,0,0,0,0,0,0,0,1
0,149,0,0,0,0,0,1,0,0,1,0,0,1,0,0,1,0.0,0.3333333333333333,0.050748620223090936,0,1,0,0,0,0,1,0,0,0,0,0,0,0,0,1,0,0,0
0,150,0,0,0,0,0,1,0,0,1,0,0,1,0,0,1,0.0,0.0,0.025374310111545468,0,1,0,0,0,0,0,0,1,0,0,0,0,0,0,0,0,0,1
0,151,0,0,0,0,0,1,0,0,1,0,0,1,0,0,1,0.0,0.0,0.02444717185746977,0,1,0,0,0,0,0,0,1,0,0,0,0,0,0,0,0,0,1
1,152,0,0,0,0,1,0,0,1,0,0,1,0,0,0,1,0.125,0.0,0.12999454257145598,0,0,1,0,0,0,0,1,0,0,0,0,1,0,0,0,0,0,0
0,153,0,0,0,0,0,1,0,0,0,1,0,1,0,0,1,0.0,0.0,0.015712553569072387,1,0,0,0,0,0,1,0,0,0,0,0,0,0,0,0,0,0,1
0,154,0,0,0,0,0,1,0,0,0,1,0,1,0,0,1,0.0,0.3333333333333333,0.028302115124416098,0,1,0,0,0,0,1,0,0,0,0,0,0,0,0,0,0,0,1
0,155,1,0,0,0,0,0,0,0,0,1,0,1,0,0,1,0.0,0.0,0.014273049437744325,1,0,0,0,0,0,1,0,0,0,0,0,0,0,0,0,0,0,1
0,156,0,0,0,0,0,1,0,1,0,0,0,1,1,0,0,0.0,0.16666666666666666,0.11980421963065935,0,0,1,0,0,0,1,0,0,0,0,0,0,0,0,0,0,0,1
1,157,0,0,0,1,0,0,0,0,0,1,1,0,0,1,0,0.0,0.0,0.015094396337354966,1,0,0,0,0,1,0,0,0,0,0,0,0,0,0,0,0,0,1
0,158,0,0,0,0,1,0,0,0,0,1,0,1,0,0,1,0.0,0.0,0.015712553569072387,1,0,0,0,0,0,1,0,0,0,0,0,0,0,0,0,0,0,1
0,159,1,0,0,0,0,0,0,0,0,1,0,1,0,0,1,0.0,0.0,0.016908073949327893,1,0,0,0,0,0,1,0,0,0,0,0,0,0,0,0,0,0,1
0,160,1,0,0,0,0,0,0,0,0,1,0,1,0,0,1,1.0,0.3333333333333333,0.13575255909676825,0,0,1,0,1,0,0,0,0,0,0,0,0,0,0,0,0,0,1
0,161,0,0,0,0,0,1,0,0,0,1,0,1,0,0,1,0.0,0.16666666666666666,0.031425107138144774,0,1,0,0,0,0,1,0,0,0,0,0,0,0,0,0,0,0,1
1,162,0,0,0,0,0,1,0,0,1,0,1,0,0,0,1,0.0,0.0,0.030741952635141623,0,1,0,0,0,0,0,1,0,0,0,0,0,0,0,0,0,0,1
0,163,0,0,0,0,1,0,0,0,0,1,0,1,0,0,1,0.0,0.0,0.015175789316712771,1,0,0,0,0,0,1,0,0,0,0,0,0,0,0,0,0,0,1
0,164,0,0,0,1,0,0,0,0,0,1,0,1,0,0,1,0.0,0.0,0.016908073949327893,1,0,0,0,0,0,1,0,0,0,0,0,0,0,0,0,0,0,1
0,165,0,1,0,0,0,0,0,0,0,1,0,1,0,0,1,0.5,0.16666666666666666,0.07746484096553544,0,1,0,0,1,0,0,0,0,0,0,0,0,0,0,0,0,0,1
1,166,0,0,1,0,0,0,0,0,0,1,0,1,0,0,1,0.0,0.3333333333333333,0.04006213192611313,0,1,0,0,1,0,0,0,0,0,0,0,0,0,0,0,0,0,1
1,167,1,0,0,0,0,0,0,1,0,0,1,0,0,0,1,0.0,0.16666666666666666,0.10735285047192313,0,0,1,0,0,0,0,1,0,0,0,0,0,0,1,0,0,0,0
0,168,0,0,0,0,0,1,0,0,0,1,1,0,0,0,1,0.125,0.6666666666666666,0.05445717323939373,0,1,0,0,0,0,0,1,0,0,0,0,0,0,0,0,0,0,1
0,169,1,0,0,0,0,0,0,1,0,0,0,1,0,0,1,0.0,0.0,0.050602229972447406,0,1,0,0,0,0,1,0,0,0,0,0,0,0,0,0,0,0,1
0,170,0,0,0,0,1,0,0,0,0,1,0,1,0,0,1,0.0,0.0,0.11027245763075773,0,0,1,0,0,0,1,0,0,0,0,0,0,0,0,0,0,0,1
0,171,0,0,0,0,0,0,1,1,0,0,0,1,0,0,1,0.0,0.0,0.06538764528744409,0,1,0,0,0,0,1,0,0,0,0,1,0,0,0,0,0,0,0
0,172,0,1,0,0,0,0,0,0,0,1,0,1,0,1,0,0.5,0.16666666666666666,0.05684821399990475,0,1,0,0,1,0,0,0,0,0,0,0,0,0,0,0,0,0,1
1,173,0,1,0,0,0,0,0,0,0,1,1,0,0,0,1,0.125,0.16666666666666666,0.021730754366528396,1,0,0,0,0,1,0,0,0,0,0,0,0,0,0,0,0,0,1
0,174,0,0,0,0,1,0,0,0,0,1,0,1,0,0,1,0.0,0.0,0.015468569817999833,1,0,0,0,0,0,1,0,0,0,0,0,0,0,0,0,0,0,1
0,175,0,0,0,0,0,1,0,1,0,0,0,1,1,0,0,0.0,0.0,0.05991421140938287,0,1,0,0,0,0,1,0,0,0,1,0,0,0,0,0,0,0,0
0,176,0,0,0,1,0,0,0,0,0,1,0,1,0,0,1,0.125,0.16666666666666666,0.015330377421392339,1,0,0,0,0,0,1,0,0,0,0,0,0,0,0,0,0,0,1
0,177,1,0,0,0,0,0,0,0,0,1,0,1,0,0,1,0.375,0.16666666666666666,0.049707687947515,0,1,0,0,1,0,0,0,0,0,0,0,0,0,0,0,0,0,1
0,178,0,0,0,0,0,1,0,1,0,0,1,0,1,0,0,0.0,0.0,0.05604306762136532,0,1,0,0,0,1,0,0,0,0,0,0,1,0,0,0,0,0,0
0,179,0,0,0,0,1,0,0,0,1,0,0,1,0,0,1,0.0,0.0,0.025374310111545468,0,1,0,0,0,0,1,0,0,0,0,0,0,0,0,0,0,0,1
0,180,0,0,0,0,0,1,0,0,0,1,0,1,0,0,1,0.0,0.0,0.0,0,0,0,0,0,0,1,0,0,0,0,0,0,0,0,0,0,0,1
0,181,1,0,0,0,0,0,0,0,0,1,1,0,0,0,1,1.0,0.3333333333333333,0.13575255909676825,0,0,1,0,0,1,0,0,0,0,0,0,0,0,0,0,0,0,1
0,182,1,0,0,0,0,0,0,0,1,0,0,1,1,0,0,0.0,0.0,0.02937564362913533,0,1,0,0,0,0,1,0,0,0,0,0,0,0,0,0,0,0,1
0,183,0,0,1,0,0,0,0,0,0,1,0,1,0,0,1,0.5,0.3333333333333333,0.06126431989431795,0,1,0,0,1,0,0,0,0,0,0,0,0,0,0,0,0,0,1
1,184,0,1,0,0,0,0,0,0,1,0,0,1,0,0,1,0.25,0.16666666666666666,0.07612293033463641,0,1,0,0,1,0,0,0,0,0,0,0,0,0,0,1,0,0,0
1,185,0,1,0,0,0,0,0,0,0,1,1,0,0,0,1,0.0,0.3333333333333333,0.04298993693898376,0,1,0,0,0,1,0,0,0,0,0,0,0,0,0,0,0,0,1
0,186,1,0,0,0,0,0,0,1,0,0,0,1,0,0,1,0.0,0.0,0.09759350042902103,0,1,0,0,0,0,1,0,0,0,1,0,0,0,0,0,0,0,0
1,187,1,0,0,0,0,0,0,0,0,1,1,0,0,1,0,0.125,0.0,0.030253985132996517,0,1,0,0,0,0,0,1,0,0,0,0,0,0,0,0,0,0,1
1,188,0,0,0,0,0,1,0,1,0,0,0,1,0,0,1,0.0,0.0,0.051822148727810165,0,1,0,0,0,0,1,0,0,0,0,0,0,0,0,0,0,0,1
0,189,0,0,0,0,0,1,0,0,0,1,0,1,0,1,0,0.125,0.16666666666666666,0.030253985132996517,0,1,0,0,0,0,1,0,0,0,0,0,0,0,0,0,0,0,1
0,190,0,0,0,0,0,1,0,0,0,1,0,1,0,0,1,0.0,0.0,0.015411575213749286,1,0,0,0,0,0,1,0,0,0,0,0,0,0,0,0,0,0,1
1,191,0,0,0,0,1,0,0,0,1,0,1,0,0,0,1,0.0,0.0,0.025374310111545468,0,1,0,0,0,0,0,1,0,0,0,0,0,0,0,0,0,0,1
0,192,0,0,0,0,1,0,0,0,1,0,0,1,0,0,1,0.0,0.0,0.025374310111545468,0,1,0,0,0,0,1,0,0,0,0,0,0,0,0,0,0,0,1
1,193,0,0,0,0,1,0,0,0,0,1,1,0,0,0,1,0.125,0.0,0.015330377421392339,1,0,0,0,0,1,0,0,0,0,0,0,0,0,0,0,0,0,1
1,194,0,1,0,0,0,0,0,0,1,0,0,1,0,0,1,0.125,0.16666666666666666,0.050748620223090936,0,1,0,0,1,0,0,0,0,0,0,0,0,0,0,1,0,0,0
1,195,0,0,0,0,0,1,0,1,0,0,1,0,1,0,0,0.0,0.0,0.05410739813385612,0,1,0,0,0,0,0,1,0,0,0,1,0,0,0,0,0,0,0
1,196,0,0,0,0,0,1,0,1,0,0,1,0,1,0,0,0.0,0.0,0.2859895551532101,0,0,0,1,0,1,0,0,0,0,0,1,0,0,0,0,0,0,0
0,197,1,0,0,0,0,0,0,0,0,1,0,1,0,1,0,0.0,0.0,0.015126992566498259,1,0,0,0,0,0,1,0,0,0,0,0,0,0,0,0,0,0,1
0,198,0,0,0,0,0,1,0,0,0,1,0,1,0,0,1,0.0,0.16666666666666666,0.01640390592611157,1,0,0,0,0,0,1,0,0,0,0,0,0,0,0,0,0,0,1
1,199,1,0,0,0,0,0,0,0,0,1,1,0,0,1,0,0.0,0.0,0.015126992566498259,1,0,0,0,0,1,0,0,0,0,0,0,0,0,0,0,0,0,1
0,200,0,0,0,0,1,0,0,0,1,0,1,0,0,0,1,0.0,0.0,0.025374310111545468,0,1,0,0,0,1,0,0,0,0,0,0,0,0,0,0,0,0,1
0,201,0,0,0,0,1,0,0,0,0,1,0,1,0,0,1,0.0,0.0,0.018542765081513996,1,0,0,0,0,0,1,0,0,0,0,0,0,0,0,0,0,0,1
0,202,1,0,0,0,0,0,0,0,0,1,0,1,0,0,1,1.0,0.3333333333333333,0.13575255909676825,0,0,1,0,0,0,1,0,0,0,0,0,0,0,0,0,0,0,1
0,203,0,0,0,0,1,0,0,0,0,1,0,1,0,0,1,0.0,0.0,0.012678957201736696,1,0,0,0,0,0,1,0,0,0,0,0,0,0,0,0,0,0,1
0,204,0,0,0,0,0,1,0,0,0,1,0,1,1,0,0,0.0,0.0,0.014102260811993537,1,0,0,0,0,0,1,0,0,0,0,0,0,0,0,0,0,0,1
1,205,0,0,0,1,0,0,0,0,0,1,0,1,0,0,1,0.0,0.0,0.015712553569072387,1,0,0,0,0,0,1,0,0,0,0,0,0,0,0,0,0,0,1
0,206,0,1,0,0,0,0,0,0,0,1,1,0,0,0,1,0.0,0.16666666666666666,0.02042143996477265,1,0,0,0,0,1,0,0,0,0,0,0,0,0,0,0,1,0,0
0,207,0,0,0,0,1,0,0,0,0,1,0,1,0,0,1,0.125,0.0,0.030937139635999665,0,1,0,0,0,0,1,0,0,0,0,0,0,0,0,0,0,0,1
1,208,0,0,0,0,1,0,0,0,0,1,0,1,1,0,0,0.0,0.0,0.036670757786204655,0,1,0,0,0,0,1,0,0,0,0,0,0,0,0,0,0,0,1
1,209,0,0,0,1,0,0,0,0,0,1,1,0,0,1,0,0.0,0.0,0.015126992566498259,1,0,0,0,0,1,0,0,0,0,0,0,0,0,0,0,0,0,1
1,210,0,0,0,0,0,1,0,1,0,0,0,1,1,0,0,0.0,0.0,0.060507970265993034,0,1,0,0,0,0,1,0,0,0,1,0,0,0,0,0,0,0,0
0,211,0,0,0,0,1,0,0,0,0,1,0,1,0,0,1,0.0,0.0,0.013760683560491965,1,0,0,0,0,0,1,0,0,0,0,0,0,0,0,0,0,0,1
1,212,0,0,0,0,1,0,0,0,1,0,1,0,0,0,1,0.0,0.0,0.04098927018018883,0,1,0,0,0,1,0,0,0,0,0,0,0,0,0,0,0,0,1
0,213,0,0,0,0,1,0,0,0,0,1,0,1,0,0,1,0.0,0.0,0.014151057562208049,1,0,0,0,0,0,1,0,0,0,0,0,0,0,0,0,0,0,1
0,214,0,0,0,0,1,0,0,0,1,0,0,1,0,0,1,0.0,0.0,0.025374310111545468,0,1,0,0,0,0,1,0,0,0,0,0,0,0,0,0,0,0,1
0,215,1,0,0,0,0,0,0,0,0,1,0,1,0,1,0,0.125,0.0,0.015126992566498259,1,0,0,0,0,0,1,0,0,0,0,0,0,0,0,0,0,0,1
1,216,0,0,0,0,1,0,0,1,0,0,1,0,1,0,0,0.125,0.0,0.22109807522194713,0,0,0,1,0,1,0,0,0,0,0,0,0,1,0,0,0,0,0
1,217,0,0,0,0,1,0,0,0,0,1,1,0,0,0,1,0.0,0.0,0.015468569817999833,1,0,0,0,0,1,0,0,0,0,0,0,0,0,0,0,0,0,1
0,218,0,0,0,0,0,1,0,0,1,0,0,1,0,0,1,0.125,0.0,0.05270049023167135,0,1,0,0,0,0,1,0,0,0,0,0,0,0,0,0,0,0,1
1,219,0,0,0,0,1,0,0,1,0,0,1,0,1,0,0,0.0,0.0,0.14891148113361488,0,0,1,0,0,1,0,0,0,0,0,0,0,1,0,0,0,0,0
0,220,0,0,0,0,1,0,0,0,1,0,0,1,0,0,1,0.0,0.0,0.020494635090094415,1,0,0,0,0,0,1,0,0,0,0,0,0,0,0,0,0,0,1
1,221,0,0,0,1,0,0,0,0,0,1,0,1,0,0,1,0.0,0.0,0.015712553569072387,1,0,0,0,0,0,1,0,0,0,0,0,0,0,0,0,0,0,1
0,222,0,0,0,0,1,0,0,0,1,0,0,1,0,0,1,0.0,0.0,0.025374310111545468,0,1,0,0,0,0,1,0,0,0,0,0,0,0,0,0,0,0,1
0,223,0,0,0,0,0,1,0,0,0,1,0,1,0,0,1,0.0,0.0,0.015712553569072387,1,0,0,0,0,0,1,0,0,0,0,0,0,0,0,0,0,0,1
0,224,1,0,0,0,0,0,0,0,0,1,0,1,0,0,1,0.0,0.0,0.015411575213749286,1,0,0,0,0,0,1,0,0,0,0,0,0,0,0,0,0,0,1
1,225,0,0,0,0,0,1,0,1,0,0,0,1,0,0,1,0.125,0.0,0.17566830077223786,0,0,1,0,0,0,1,0,0,0,0,0,1,0,0,0,0,0,0
0,226,0,0,0,0,1,0,0,0,0,1,0,1,0,0,1,0.0,0.0,0.018249984580226933,1,0,0,0,0,0,1,0,0,0,0,0,0,0,0,0,0,0,1
1,227,0,0,0,0,1,0,0,0,1,0,0,1,0,0,1,0.0,0.0,0.020494635090094415,1,0,0,0,0,0,1,0,0,0,0,0,0,0,0,0,0,0,1
0,228,0,0,0,0,1,0,0,0,0,1,0,1,0,0,1,0.0,0.0,0.014151057562208049,1,0,0,0,0,0,1,0,0,0,0,0,0,0,0,0,0,0,1
0,229,0,0,0,1,0,0,0,0,1,0,0,1,0,0,1,0.0,0.0,0.025374310111545468,0,1,0,0,0,0,1,0,0,0,0,0,0,0,0,0,0,0,1
0,230,1,0,0,0,0,0,0,0,0,1,1,0,0,0,1,0.375,0.16666666666666666,0.049707687947515,0,1,0,0,0,1,0,0,0,0,0,0,0,0,0,0,0,0,1
1,231,0,0,0,0,1,0,0,1,0,0,1,0,0,0,1,0.125,0.0,0.16293234896625058,0,0,1,0,0,0,0,1,0,0,0,0,1,0,0,0,0,0,0
0,232,0,0,0,0,1,0,0,0,0,1,0,1,0,0,1,0.0,0.0,0.015175789316712771,1,0,0,0,0,0,1,0,0,0,0,0,0,0,0,0,0,0,1
0,233,0,0,0,0,0,1,0,0,1,0,0,1,0,0,1,0.0,0.0,0.026350245115835676,0,1,0,0,0,0,1,0,0,0,0,0,0,0,0,0,0,0,1
1,234,0,1,0,0,0,0,0,0,0,1,1,0,0,0,1,0.5,0.3333333333333333,0.06126431989431795,0,1,0,0,0,1,0,0,0,0,0,0,0,0,0,0,0,0,1
0,235,0,0,0,0,1,0,0,0,1,0,0,1,0,0,1,0.0,0.0,0.020494635090094415,1,0,0,0,0,0,1,0,0,0,0,0,0,0,0,0,0,0,1
0,236,1,0,0,0,0,0,0,0,0,1,1,0,0,0,1,0.0,0.0,0.014736618564782174,1,0,0,0,0,1,0,0,0,0,0,0,0,0,0,0,0,0,1
0,237,0,0,0,0,0,1,0,0,1,0,0,1,0,0,1,0.125,0.0,0.050748620223090936,0,1,0,0,0,0,1,0,0,0,0,0,0,0,0,0,0,0,1
1,238,0,0,1,0,0,0,0,0,1,0,1,0,0,0,1,0.0,0.3333333333333333,0.05123658772523604,0,1,0,0,0,1,0,0,0,0,0,0,0,0,0,0,0,0,1
0,239,0,0,0,0,1,0,0,0,1,0,0,1,0,0,1,0.0,0.0,0.020494635090094415,1,0,0,0,0,0,1,0,0,0,0,0,0,0,0,0,0,0,1
0,240,0,0,0,0,1,0,0,0,1,0,0,1,0,0,1,0.0,0.0,0.023959204355324663,0,1,0,0,0,0,1,0,0,0,0,0,0,0,0,0,0,0,1
0,241,1,0,0,0,0,0,0,0,0,1,1,0,1,0,0,0.125,0.0,0.028212719478023115,0,1,0,0,0,1,0,0,0,0,0,0,0,0,0,0,0,0,1
1,242,1,0,0,0,0,0,0,0,0,1,1,0,0,1,0,0.125,0.0,0.030253985132996517,0,1,0,0,0,1,0,0,0,0,0,0,0,0,0,0,0,0,1
0,243,0,0,0,0,1,0,0,0,1,0,0,1,0,0,1,0.0,0.0,0.020494635090094415,1,0,0,0,0,0,1,0,0,0,0,0,0,0,0,0,0,0,1
0,244,0,0,0,0,1,0,0,0,0,1,0,1,0,0,1,0.0,0.0,0.013907073811135496,1,0,0,0,0,0,1,0,0,0,0,0,0,0,0,0,0,0,1
0,245,0,0,0,0,1,0,0,0,0,1,0,1,1,0,0,0.0,0.0,0.014102260811993537,1,0,0,0,0,0,1,0,0,0,0,0,0,0,0,0,0,0,1
0,246,0,0,0,0,0,1,0,1,0,0,0,1,0,1,0,0.25,0.0,0.17566830077223786,0,0,1,0,0,0,0,0,1,0,0,0,1,0,0,0,0,0,0
0,247,0,0,0,0,1,0,0,0,0,1,1,0,0,0,1,0.0,0.0,0.015175789316712771,1,0,0,0,0,1,0,0,0,0,0,0,0,0,0,0,0,0,1
1,248,0,0,0,0,1,0,0,0,1,0,1,0,0,0,1,0.0,0.3333333333333333,0.028302115124416098,0,1,0,0,0,0,0,1,0,0,0,0,0,0,0,0,0,0,1
1,249,0,0,0,0,0,1,0,1,0,0,0,1,0,0,1,0.125,0.16666666666666666,0.10257896680493714,0,0,1,0,0,0,1,0,0,0,0,0,0,1,0,0,0,0,0
0,250,0,0,0,0,0,1,0,0,1,0,0,1,0,0,1,0.125,0.0,0.050748620223090936,0,1,0,0,0,0,0,0,1,0,0,0,0,0,0,0,0,0,1
0,251,1,0,0,0,0,0,0,0,0,1,0,1,0,0,1,0.0,0.0,0.014151057562208049,1,0,0,0,0,0,1,0,0,0,0,0,0,0,0,0,0,0,1
0,252,0,0,0,0,1,0,0,0,0,1,1,0,0,0,1,0.125,0.16666666666666666,0.02042143996477265,1,0,0,0,0,0,0,1,0,0,0,0,0,0,0,0,1,0,0
0,253,0,0,0,0,0,0,1,1,0,0,0,1,0,0,1,0.0,0.0,0.051822148727810165,0,1,0,0,0,0,1,0,0,0,0,0,1,0,0,0,0,0,0
0,254,0,0,0,0,1,0,0,0,0,1,0,1,0,0,1,0.125,0.0,0.031425107138144774,0,1,0,0,0,0,1,0,0,0,0,0,0,0,0,0,0,0,1
0,255,0,0,0,0,0,1,0,0,0,1,1,0,0,0,1,0.0,0.3333333333333333,0.039452172548431745,0,1,0,0,0,0,0,1,0,0,0,0,0,0,0,0,0,0,1
1,256,0,0,0,0,1,0,0,0,0,1,1,0,1,0,0,0.0,0.3333333333333333,0.029757819776815374,0,1,0,0,0,0,0,1,0,0,0,0,0,0,0,0,0,0,1
1,257,1,0,0,0,0,0,0,1,0,0,1,0,1,0,0,0.0,0.0,0.15458810467956932,0,0,1,0,0,0,0,1,0,0,0,0,0,0,0,0,0,0,1
1,258,0,0,0,0,1,0,0,1,0,0,1,0,0,0,1,0.0,0.0,0.16883675574220638,0,0,1,0,0,1,0,0,0,0,0,1,0,0,0,0,0,0,0
1,259,0,0,0,0,1,0,0,1,0,0,1,0,1,0,0,0.0,0.0,1.0,0,0,0,1,0,1,0,0,0,0,0,0,0,0,0,0,0,0,1
1,260,0,0,0,0,0,1,0,0,1,0,1,0,0,0,1,0.0,0.16666666666666666,0.050748620223090936,0,1,0,0,0,0,0,1,0,0,0,0,0,0,0,0,0,0,1
0,261,1,0,0,0,0,0,0,0,0,1,0,1,0,1,0,0.0,0.0,0.015126992566498259,1,0,0,0,0,0,1,0,0,0,0,0,0,0,0,0,0,0,1
1,262,0,1,0,0,0,0,0,0,0,1,0,1,0,0,1,0.5,0.3333333333333333,0.06126431989431795,0,1,0,0,1,0,0,0,0,0,0,0,0,0,0,0,0,0,1
0,263,0,0,0,0,0,1,0,1,0,0,0,1,0,0,1,0.125,0.16666666666666666,0.1554664461834305,0,0,1,0,0,0,1,0,0,0,0,0,0,0,1,0,0,0,0
0,264,0,0,0,0,0,1,0,1,0,0,0,1,0,0,1,0.0,0.0,0.0,0,0,0,0,0,0,1,0,0,0,0,1,0,0,0,0,0,0,0
0,265,1,0,0,0,0,0,0,0,0,1,1,0,0,1,0,0.0,0.0,0.015126992566498259,1,0,0,0,0,1,0,0,0,0,0,0,0,0,0,0,0,0,1
0,266,0,0,0,0,0,1,0,0,1,0,0,1,0,0,1,0.0,0.0,0.020494635090094415,1,0,0,0,0,0,1,0,0,0,0,0,0,0,0,0,0,0,1
0,267,0,0,0,1,0,0,0,0,0,1,0,1,0,0,1,0.5,0.16666666666666666,0.07746484096553544,0,1,0,0,0,0,1,0,0,0,0,0,0,0,0,0,0,0,1
1,268,0,0,0,0,1,0,0,0,0,1,0,1,0,0,1,0.125,0.0,0.015175789316712771,1,0,0,0,0,0,1,0,0,0,0,0,0,0,0,0,0,0,1
1,269,0,0,0,0,0,1,0,1,0,0,1,0,0,0,1,0.0,0.16666666666666666,0.2995388511917728,0,0,0,1,0,0,0,1,0,0,0,0,1,0,0,0,0,0,0
1,270,0,0,0,0,1,0,0,1,0,0,1,0,0,0,1,0.0,0.0,0.2647385704347907,0,0,0,1,0,1,0,0,0,0,0,0,1,0,0,0,0,0,0
0,271,1,0,0,0,0,0,0,1,0,0,0,1,0,0,1,0.0,0.0,0.060507970265993034,0,1,0,0,0,0,1,0,0,0,0,0,0,0,0,0,0,0,1
1,272,0,0,0,0,1,0,0,0,0,1,0,1,0,0,1,0.0,0.0,0.0,0,0,0,0,0,0,1,0,0,0,0,0,0,0,0,0,0,0,1
1,273,0,0,0,0,0,1,0,0,1,0,1,0,0,0,1,0.0,0.16666666666666666,0.038061465167318204,0,1,0,0,0,0,0,1,0,0,0,0,0,0,0,0,0,0,1
0,274,0,0,0,0,0,1,0,1,0,0,0,1,1,0,0,0.0,0.16666666666666666,0.057970539254838485,0,1,0,0,0,0,1,0,0,0,0,0,1,0,0,0,0,0,0
1,275,1,0,0,0,0,0,0,0,0,1,1,0,0,1,0,0.0,0.0,0.015126992566498259,1,0,0,0,0,1,0,0,0,0,0,0,0,0,0,0,0,0,1
1,276,0,0,0,0,0,0,1,1,0,0,1,0,0,0,1,0.125,0.0,0.15216446768991498,0,0,1,0,0,1,0,0,0,0,0,0,0,1,0,0,0,0,0
0,277,0,0,0,0,0,1,0,0,0,1,1,0,0,0,1,0.0,0.0,0.015126992566498259,1,0,0,0,0,1,0,0,0,0,0,0,0,0,0,0,0,0,1
0,278,1,0,0,0,0,0,0,0,1,0,0,1,0,0,1,0.0,0.0,0.0,0,0,0,0,0,0,1,0,0,0,0,0,0,0,0,0,0,0,1
0,279,0,0,1,0,0,0,0,0,0,1,0,1,0,1,0,0.5,0.16666666666666666,0.05684821399990475,0,1,0,0,1,0,0,0,0,0,0,0,0,0,0,0,0,0,1
1,280,0,0,0,0,1,0,0,0,0,1,1,0,0,0,1,0.125,0.16666666666666666,0.03952536767375352,0,1,0,0,0,0,0,1,0,0,0,0,0,0,0,0,0,0,1
0,281,0,0,0,0,0,0,1,0,0,1,0,1,0,1,0,0.0,0.0,0.015126992566498259,1,0,0,0,0,0,1,0,0,0,0,0,0,0,0,0,0,0,1
0,282,0,0,0,0,1,0,0,0,0,1,0,1,0,0,1,0.0,0.0,0.015330377421392339,1,0,0,0,0,0,1,0,0,0,0,0,0,0,0,0,0,0,1
0,283,0,0,0,1,0,0,0,0,0,1,0,1,0,0,1,0.0,0.0,0.018542765081513996,1,0,0,0,0,0,1,0,0,0,0,0,0,0,0,0,0,0,1
1,284,0,0,0,0,1,0,0,0,0,1,0,1,0,0,1,0.0,0.0,0.015712553569072387,1,0,0,0,0,0,1,0,0,0,0,0,0,0,0,0,0,0,1
0,285,1,0,0,0,0,0,0,1,0,0,0,1,0,0,1,0.0,0.0,0.050748620223090936,0,1,0,0,0,0,1,0,0,0,1,0,0,0,0,0,0,0,0
0,286,0,0,0,0,1,0,0,0,0,1,0,1,1,0,0,0.0,0.0,0.016908073949327893,1,0,0,0,0,0,1,0,0,0,0,0,0,0,0,0,0,0,1
1,287,0,0,0,0,1,0,0,0,0,1,0,1,0,0,1,0.0,0.0,0.018542765081513996,1,0,0,0,0,0,1,0,0,0,0,0,0,0,0,0,0,0,1
0,288,0,0,0,0,1,0,0,0,0,1,0,1,0,0,1,0.0,0.0,0.015411575213749286,1,0,0,0,0,0,1,0,0,0,0,0,0,0,0,0,0,0,1
1,289,0,0,0,0,0,1,0,0,1,0,0,1,0,0,1,0.0,0.0,0.025374310111545468,0,1,0,0,0,0,1,0,0,0,0,0,0,0,0,0,0,0,1
1,290,0,0,0,0,1,0,0,0,0,1,1,0,0,1,0,0.0,0.0,0.015126992566498259,1,0,0,0,0,1,0,0,0,0,0,0,0,0,0,0,0,0,1
1,291,0,0,0,0,1,0,0,1,0,0,1,0,0,0,1,0.0,0.0,0.15390495017656614,0,0,1,0,0,1,0,0,0,0,0,0,0,0,0,0,0,0,1
1,292,0,0,0,0,1,0,0,1,0,0,1,0,1,0,0,0.125,0.0,0.17777475888549785,0,0,1,0,0,0,0,1,0,0,0,1,0,0,0,0,0,0,0
0,293,0,0,0,0,0,1,0,0,1,0,0,1,1,0,0,0.0,0.0,0.025130326360472913,0,1,0,0,0,0,1,0,0,0,0,0,0,1,0,0,0,0,0
0,294,0,0,0,0,1,0,0,0,0,1,1,0,0,0,1,0.0,0.0,0.01727404957593672,1,0,0,0,0,1,0,0,0,0,0,0,0,0,0,0,0,0,1
0,295,0,0,0,0,1,0,0,0,0,1,0,1,0,0,1,0.0,0.0,0.015411575213749286,1,0,0,0,0,0,1,0,0,0,0,0,0,0,0,0,0,0,1
0,296,1,0,0,0,0,0,0,1,0,0,0,1,1,0,0,0.0,0.0,0.05410739813385612,0,1,0,0,0,0,1,0,0,0,0,0,0,0,0,0,0,0,1
0,297,0,0,0,0,1,0,0,0,0,1,0,1,1,0,0,0.0,0.0,0.014110458666029575,1,0,0,0,0,0,1,0,0,0,0,0,0,0,0,0,0,0,1
0,298,0,1,0,0,0,0,0,1,0,0,1,0,0,0,1,0.125,0.3333333333333333,0.29580589980036276,0,0,0,1,0,1,0,0,0,0,0,0,1,0,0,0,0,0,0
1,299,1,0,0,0,0,0,0,1,0,0,0,1,0,0,1,0.0,0.0,0.05953203526170282,0,1,0,0,0,0,1,0,0,0,0,0,1,0,0,0,0,0,0
1,300,0,0,0,0,0,1,0,1,0,0,1,0,1,0,0,0.0,0.16666666666666666,0.4831284260198326,0,0,0,1,0,0,0,1,0,0,0,1,0,0,0,0,0,0,0
1,301,1,0,0,0,0,0,0,0,0,1,1,0,0,1,0,0.0,0.0,0.015126992566498259,1,0,0,0,0,1,0,0,0,0,0,0,0,0,0,0,0,0,1
1,302,1,0,0,0,0,0,0,0,0,1,0,1,0,1,0,0.25,0.0,0.04538097769949478,0,1,0,0,0,0,1,0,0,0,0,0,0,0,0,0,0,0,1
0,303,0,0,0,0,1,0,0,0,0,1,0,1,0,0,1,0.0,0.0,0.0,0,0,0,0,0,0,1,0,0,0,0,0,0,0,0,0,0,0,1
1,304,1,0,0,0,0,0,0,0,1,0,1,0,0,1,0,0.0,0.0,0.024105594605968193,0,1,0,0,0,1,0,0,0,0,0,0,0,0,1,0,0,0,0
0,305,1,0,0,0,0,0,0,0,0,1,0,1,0,0,1,0.0,0.0,0.015712553569072387,1,0,0,0,0,0,1,0,0,0,0,0,0,0,0,0,0,0,1
1,306,0,1,0,0,0,0,0,1,0,0,0,1,0,0,1,0.125,0.3333333333333333,0.29580589980036276,0,0,0,1,1,0,0,0,0,0,0,0,1,0,0,0,0,0,0
1,307,1,0,0,0,0,0,0,1,0,0,1,0,1,0,0,0.0,0.0,0.21642978772242535,0,0,0,1,0,1,0,0,0,0,0,0,0,0,0,0,0,0,1
1,308,0,0,0,1,0,0,0,1,0,0,1,0,1,0,0,0.125,0.0,0.2125586439344078,0,0,0,1,0,0,0,1,0,0,0,0,1,0,0,0,0,0,0
0,309,0,0,0,0,1,0,0,0,1,0,0,1,1,0,0,0.125,0.0,0.04684488020593009,0,1,0,0,0,0,1,0,0,0,0,0,0,0,0,0,0,0,1
1,310,0,0,0,0,1,0,0,1,0,0,1,0,1,0,0,0.0,0.0,0.11111839809247648,0,0,1,0,0,1,0,0,0,0,0,0,0,0,1,0,0,0,0
1,311,0,0,0,0,1,0,0,1,0,0,1,0,1,0,0,0.0,0.0,0.16231419173453318,0,0,1,0,0,1,0,0,0,0,0,0,1,0,0,0,0,0,0
1,312,0,0,0,1,0,0,0,1,0,0,1,0,1,0,0,0.25,0.3333333333333333,0.5121218935012878,0,0,0,1,0,1,0,0,0,0,0,1,0,0,0,0,0,0,0
0,313,0,0,0,0,1,0,0,0,1,0,1,0,0,0,1,0.125,0.16666666666666666,0.050748620223090936,0,1,0,0,0,0,0,1,0,0,0,0,0,0,0,0,0,0,1
0,314,0,0,0,0,1,0,0,0,0,1,0,1,0,0,1,0.0,0.0,0.015411575213749286,1,0,0,0,0,0,1,0,0,0,0,0,0,0,0,0,0,0,1
0,315,0,0,0,0,0,1,0,0,1,0,0,1,0,0,1,0.125,0.16666666666666666,0.05123658772523604,0,1,0,0,0,0,1,0,0,0,0,0,0,0,0,0,0,0,1
1,316,0,0,0,0,1,0,0,0,0,1,1,0,0,0,1,0.0,0.0,0.015330377421392339,1,0,0,0,0,1,0,0,0,0,0,0,0,0,0,0,0,0,1
1,317,0,0,0,0,1,0,0,0,1,0,1,0,0,0,1,0.125,0.0,0.050748620223090936,0,1,0,0,0,0,0,1,0,0,0,0,0,0,0,0,0,0,1
0,318,0,0,0,0,0,1,0,0,1,0,0,1,0,0,1,0.0,0.0,0.027326180120125887,0,1,0,0,0,0,0,0,1,0,0,0,0,0,0,0,0,0,1
1,319,0,0,0,0,1,0,0,1,0,0,1,0,0,0,1,0.0,0.3333333333333333,0.32179836714362564,0,0,0,1,0,1,0,0,0,0,0,0,1,0,0,0,0,0,0
1,320,0,0,0,0,0,1,0,1,0,0,1,0,1,0,0,0.125,0.16666666666666666,0.2625265161540666,0,0,0,1,0,0,0,1,0,0,0,0,0,0,1,0,0,0,0
0,321,0,0,0,0,1,0,0,0,0,1,0,1,0,0,1,0.0,0.0,0.014151057562208049,1,0,0,0,0,0,1,0,0,0,0,0,0,0,0,0,0,0,1
0,322,0,0,0,0,1,0,0,0,0,1,0,1,0,0,1,0.0,0.0,0.015411575213749286,1,0,0,0,0,0,1,0,0,0,0,0,0,0,0,0,0,0,1
1,323,0,0,0,0,1,0,0,0,1,0,1,0,0,1,0,0.0,0.0,0.024105594605968193,0,1,0,0,0,1,0,0,0,0,0,0,0,0,0,0,0,0,1
1,324,0,0,0,0,1,0,0,0,1,0,1,0,0,0,1,0.125,0.16666666666666666,0.056604230248832196,0,1,0,0,0,0,0,1,0,0,0,0,0,0,0,0,0,0,1
0,325,1,0,0,0,0,0,0,0,0,1,0,1,0,0,1,1.0,0.3333333333333333,0.13575255909676825,0,0,1,0,0,0,1,0,0,0,0,0,0,0,0,0,0,0,1
1,326,0,0,0,0,0,1,0,1,0,0,1,0,1,0,0,0.0,0.0,0.2647385704347907,0,0,0,1,0,1,0,0,0,0,0,0,1,0,0,0,0,0,0
0,327,0,0,0,0,0,0,1,0,0,1,0,1,0,0,1,0.0,0.0,0.012174789178520372,1,0,0,0,0,0,1,0,0,0,0,0,0,0,0,0,0,0,1
1,328,0,0,0,0,0,1,0,0,1,0,1,0,0,0,1,0.0,0.0,0.025374310111545468,0,1,0,0,0,0,0,1,0,0,0,0,0,1,0,0,0,0,0
1,329,0,0,0,0,1,0,0,0,0,1,1,0,0,0,1,0.125,0.16666666666666666,0.04006213192611313,0,1,0,0,0,0,0,1,0,0,0,0,0,0,0,0,0,0,1
1,330,0,0,0,1,0,0,0,1,0,0,1,0,1,0,0,0.0,0.16666666666666666,0.11316786160148591,0,0,1,0,0,1,0,0,0,0,0,1,0,0,0,0,0,0,0
1,331,1,0,0,0,0,0,0,0,0,1,1,0,0,1,0,0.25,0.0,0.04538097769949478,0,1,0,0,0,1,0,0,0,0,0,0,0,0,0,0,0,0,1
0,332,0,0,0,0,0,1,0,1,0,0,0,1,0,0,1,0.0,0.0,0.055628295244541985,0,1,0,0,0,0,1,0,0,0,0,0,1,0,0,0,0,0,0
0,333,0,0,0,0,0,1,0,1,0,0,0,1,0,0,1,0.0,0.16666666666666666,0.2995388511917728,0,0,0,1,0,0,1,0,0,0,0,0,1,0,0,0,0,0,0
0,334,0,0,0,1,0,0,0,0,0,1,0,1,0,0,1,0.25,0.0,0.03513366015444757,0,1,0,0,0,0,1,0,0,0,0,0,0,0,0,0,0,0,1
1,335,1,0,0,0,0,0,0,1,0,0,1,0,0,0,1,0.125,0.0,0.2608674266467732,0,0,0,1,0,0,0,1,0,0,0,0,0,0,0,0,0,0,1
0,336,1,0,0,0,0,0,0,0,0,1,0,1,0,0,1,0.0,0.0,0.015411575213749286,1,0,0,0,0,0,1,0,0,0,0,0,0,0,0,0,0,0,1
0,337,0,0,0,0,1,0,0,1,0,0,0,1,0,0,1,0.125,0.0,0.12999454257145598,0,0,1,0,0,0,1,0,0,0,0,0,1,0,0,0,0,0,0
1,338,0,0,0,0,0,1,0,1,0,0,1,0,1,0,0,0.0,0.0,0.2625265161540666,0,0,0,1,0,1,0,0,0,0,0,0,0,0,1,0,0,0,0
1,339,0,0,0,0,0,1,0,0,0,1,0,1,0,0,1,0.0,0.0,0.015712553569072387,1,0,0,0,0,0,1,0,0,0,0,0,0,0,0,0,0,0,1
0,340,0,0,0,0,0,1,0,1,0,0,0,1,0,0,1,0.0,0.0,0.06929138530460494,0,1,0,0,0,0,1,0,0,0,0,0,0,0,0,0,0,1,0
1,341,0,1,0,0,0,0,0,0,1,0,0,1,0,0,1,0.125,0.16666666666666666,0.050748620223090936,0,1,0,0,1,0,0,0,0,0,0,0,0,0,0,1,0,0,0
1,342,0,0,0,0,1,0,0,1,0,0,1,0,0,0,1,0.375,0.3333333333333333,0.5133418122566507,0,0,0,1,0,1,0,0,0,0,0,0,1,0,0,0,0,0,0
0,343,0,0,0,0,1,0,0,0,1,0,0,1,0,0,1,0.0,0.0,0.025374310111545468,0,1,0,0,0,0,1,0,0,0,0,0,0,0,0,0,0,0,1
0,344,0,0,0,0,1,0,0,0,1,0,0,1,0,0,1,0.0,0.0,0.025374310111545468,0,1,0,0,0,0,1,0,0,0,0,0,0,0,0,0,0,0,1
0,345,0,0,0,0,0,1,0,0,1,0,0,1,0,0,1,0.0,0.0,0.025374310111545468,0,1,0,0,0,0,1,0,0,0,0,0,0,0,0,0,0,0,1
1,346,0,0,0,0,1,0,0,0,1,0,1,0,0,0,1,0.0,0.0,0.025374310111545468,0,1,0,0,0,1,0,0,0,0,0,0,0,0,0,1,0,0,0
1,347,0,0,0,0,0,1,0,0,1,0,1,0,0,0,1,0.0,0.0,0.025374310111545468,0,1,0,0,0,1,0,0,0,0,0,0,0,0,0,0,0,0,1
1,348,1,0,0,0,0,0,0,0,0,1,1,0,0,0,1,0.125,0.0,0.031425107138144774,0,1,0,0,0,0,0,1,0,0,0,0,0,0,0,0,0,0,1
1,349,0,1,0,0,0,0,0,0,0,1,0,1,0,0,1,0.125,0.16666666666666666,0.031034733136428686,0,1,0,0,1,0,0,0,0,0,0,0,0,0,0,0,0,0,1
0,350,0,0,0,0,0,1,0,0,0,1,0,1,0,0,1,0.0,0.0,0.016908073949327893,1,0,0,0,0,0,1,0,0,0,0,0,0,0,0,0,0,0,1
0,351,0,0,0,0,1,0,0,0,0,1,0,1,0,0,1,0.0,0.0,0.01800600082915438,1,0,0,0,0,0,1,0,0,0,0,0,0,0,0,0,0,0,1
0,352,1,0,0,0,0,0,0,1,0,0,0,1,0,0,1,0.0,0.0,0.06831545030031472,0,1,0,0,0,0,1,0,0,0,0,0,1,0,0,0,0,0,0
0,353,0,0,0,1,0,0,0,0,0,1,0,1,1,0,0,0.125,0.16666666666666666,0.014110458666029575,1,0,0,0,0,0,1,0,0,0,0,0,0,0,0,0,0,0,1
0,354,0,0,0,0,1,0,0,0,0,1,0,1,0,0,1,0.125,0.0,0.034743286152731485,0,1,0,0,0,0,1,0,0,0,0,0,0,0,0,0,0,0,1
0,355,1,0,0,0,0,0,0,0,0,1,0,1,1,0,0,0.0,0.0,0.014102260811993537,1,0,0,0,0,0,1,0,0,0,0,0,0,0,0,0,0,0,1
0,356,0,0,0,0,1,0,0,0,0,1,0,1,0,0,1,0.0,0.0,0.018542765081513996,1,0,0,0,0,0,1,0,0,0,0,0,0,0,0,0,0,0,1
1,357,0,0,0,0,1,0,0,1,0,0,1,0,0,0,1,0.0,0.16666666666666666,0.10735285047192313,0,0,1,0,0,1,0,0,0,0,0,0,0,0,1,0,0,0,0
0,358,0,0,0,0,0,1,0,0,1,0,1,0,0,0,1,0.0,0.0,0.025374310111545468,0,1,0,0,0,1,0,0,0,0,0,0,0,0,0,0,0,0,1
1,359,1,0,0,0,0,0,0,0,0,1,1,0,0,1,0,0.0,0.0,0.01537917417160685,1,0,0,0,0,1,0,0,0,0,0,0,0,0,0,0,0,0,1
1,360,1,0,0,0,0,0,0,0,0,1,1,0,0,1,0,0.0,0.0,0.01537917417160685,1,0,0,0,0,1,0,0,0,0,0,0,0,0,0,0,0,0,1
0,361,0,0,0,0,0,1,0,0,0,1,0,1,0,0,1,0.125,0.6666666666666666,0.05445717323939373,0,1,0,0,0,0,1,0,0,0,0,0,0,0,0,0,0,0,1
0,362,0,0,0,0,1,0,0,0,1,0,0,1,1,0,0,0.125,0.0,0.05410739813385612,0,1,0,0,0,0,1,0,0,0,0,0,0,0,0,0,0,0,1
0,363,0,0,0,0,0,1,0,0,0,1,1,0,1,0,0,0.0,0.16666666666666666,0.028212719478023115,0,1,0,0,0,0,0,1,0,0,0,0,0,0,0,0,0,0,1
0,364,0,0,0,0,1,0,0,0,0,1,0,1,0,0,1,0.0,0.0,0.013760683560491965,1,0,0,0,0,0,1,0,0,0,0,0,0,0,0,0,0,0,1
0,365,1,0,0,0,0,0,0,0,0,1,0,1,0,1,0,0.125,0.0,0.030253985132996517,0,1,0,0,0,0,1,0,0,0,0,0,0,0,0,0,0,0,1
0,366,0,0,0,0,1,0,0,0,0,1,0,1,0,0,1,0.0,0.0,0.014151057562208049,1,0,0,0,0,0,1,0,0,0,0,0,0,0,0,0,0,0,1
1,367,0,0,0,0,0,1,0,1,0,0,1,0,1,0,0,0.125,0.0,0.14687821814567664,0,0,1,0,0,0,0,1,0,0,0,0,0,1,0,0,0,0,0
1,368,1,0,0,0,0,0,0,0,0,1,1,0,1,0,0,0.0,0.0,0.014110458666029575,1,0,0,0,0,0,0,1,0,0,0,0,0,0,0,0,0,0,1
1,369,1,0,0,0,0,0,0,0,0,1,1,0,0,1,0,0.0,0.0,0.015126992566498259,1,0,0,0,0,1,0,0,0,0,0,0,0,0,0,0,0,0,1
1,370,0,0,0,0,1,0,0,1,0,0,1,0,1,0,0,0.0,0.0,0.13526459159462315,0,0,1,0,0,0,0,1,0,0,0,1,0,0,0,0,0,0,0
1,371,0,0,0,0,1,0,0,1,0,0,0,1,1,0,0,0.125,0.0,0.1082149914547131,0,0,1,0,0,0,1,0,0,0,0,0,0,0,1,0,0,0,0
0,372,0,0,0,1,0,0,0,0,0,1,0,1,0,0,1,0.125,0.0,0.012678957201736696,1,0,0,0,0,0,1,0,0,0,0,0,0,0,0,0,0,0,1
0,373,0,0,0,0,1,0,0,0,0,1,0,1,0,0,1,0.0,0.0,0.015712553569072387,1,0,0,0,0,0,1,0,0,0,0,0,0,0,0,0,0,0,1
0,374,0,0,0,0,1,0,0,1,0,0,0,1,1,0,0,0.0,0.0,0.2647385704347907,0,0,0,1,0,0,1,0,0,0,0,0,0,0,0,0,0,0,1
0,375,0,1,0,0,0,0,0,0,0,1,1,0,0,0,1,0.375,0.16666666666666666,0.04113566043083236,0,1,0,0,0,1,0,0,0,0,0,0,0,0,0,0,0,0,1
1,376,1,0,0,0,0,0,0,1,0,0,1,0,1,0,0,0.125,0.0,0.16038672010106003,0,0,1,0,0,0,0,1,0,0,0,0,0,0,0,0,0,0,1
1,377,0,0,0,0,1,0,0,0,0,1,1,0,0,0,1,0.0,0.0,0.014151057562208049,1,0,0,0,0,1,0,0,0,0,0,0,0,0,0,0,0,0,1
0,378,0,0,0,0,1,0,0,1,0,0,0,1,1,0,0,0.0,0.3333333333333333,0.41282050681475896,0,0,0,1,0,0,1,0,0,0,0,0,1,0,0,0,0,0,0
0,379,0,0,0,0,1,0,0,0,0,1,0,1,1,0,0,0.0,0.0,0.007831878409428937,1,0,0,0,0,0,1,0,0,0,0,0,0,0,0,0,0,0,1
0,380,0,0,0,0,1,0,0,0,0,1,0,1,0,0,1,0.0,0.0,0.015175789316712771,1,0,0,0,0,0,1,0,0,0,0,0,0,0,0,0,0,0,1
1,381,0,0,0,0,0,1,0,1,0,0,1,0,1,0,0,0.0,0.0,0.4440992237022602,0,0,0,1,0,1,0,0,0,0,0,0,0,0,0,0,0,0,1
1,382,0,1,0,0,0,0,0,0,0,1,1,0,1,0,0,0.0,0.3333333333333333,0.030725752114070404,0,1,0,0,0,1,0,0,0,0,0,0,0,0,0,0,0,0,1
0,383,0,0,0,0,1,0,0,0,0,1,0,1,0,0,1,0.0,0.0,0.015468569817999833,1,0,0,0,0,0,1,0,0,0,0,0,0,0,0,0,0,0,1
1,384,0,0,0,0,1,0,0,1,0,0,1,0,0,0,1,0.125,0.0,0.10149724044618187,0,0,1,0,0,0,0,1,0,0,0,0,0,0,0,0,0,0,1
0,385,1,0,0,0,0,0,0,0,0,1,0,1,0,0,1,0.0,0.0,0.015411575213749286,1,0,0,0,0,0,1,0,0,0,0,0,0,0,0,0,0,0,1
0,386,0,0,0,1,0,0,0,0,1,0,0,1,0,0,1,0.0,0.0,0.1434624456306609,0,0,1,0,0,0,1,0,0,0,0,0,0,0,0,0,0,0,1
0,387,0,1,0,0,0,0,0,0,0,1,0,1,0,0,1,0.625,0.3333333333333333,0.09154270340242172,0,1,0,0,1,0,0,0,0,0,0,0,0,0,0,0,0,0,1
1,388,0,0,0,0,0,1,0,0,1,0,1,0,0,0,1,0.0,0.0,0.025374310111545468,0,1,0,0,0,1,0,0,0,0,0,0,0,0,0,0,0,0,1
0,389,1,0,0,0,0,0,0,0,0,1,0,1,0,1,0,0.0,0.0,0.015086393670319786,1,0,0,0,0,0,1,0,0,0,0,0,0,0,0,0,0,0,1
1,390,0,0,0,1,0,0,0,0,1,0,1,0,1,0,0,0.0,0.0,0.023422440102965045,1,0,0,0,0,1,0,0,0,0,0,0,0,0,0,0,0,0,1
1,391,0,0,0,0,0,1,0,1,0,0,0,1,0,0,1,0.125,0.3333333333333333,0.23422440102965048,0,0,0,1,0,0,1,0,0,0,0,1,0,0,0,0,0,0,0
1,392,0,0,0,0,1,0,0,0,0,1,0,1,0,0,1,0.0,0.0,0.015216388212891242,1,0,0,0,0,0,1,0,0,0,0,0,0,0,0,0,0,0,1
0,393,0,0,0,0,1,0,0,0,0,1,0,1,0,0,1,0.25,0.0,0.015468569817999833,1,0,0,0,0,0,1,0,0,0,0,0,0,0,0,0,0,0,1
1,394,0,0,0,0,1,0,0,1,0,0,1,0,1,0,0,0.125,0.0,0.22109807522194713,0,0,0,1,0,1,0,0,0,0,0,0,0,1,0,0,0,0,0
1,395,0,0,0,0,1,0,0,0,0,1,1,0,0,0,1,0.0,0.3333333333333333,0.03259622914329302,0,1,0,0,0,0,0,1,0,0,0,0,0,0,0,0,1,0,0
0,396,0,0,0,0,1,0,0,0,0,1,0,1,0,0,1,0.0,0.0,0.015216388212891242,1,0,0,0,0,0,1,0,0,0,0,0,0,0,0,0,0,0,1
0,397,0,0,0,0,1,0,0,0,0,1,1,0,0,0,1,0.0,0.0,0.015330377421392339,1,0,0,0,0,1,0,0,0,0,0,0,0,0,0,0,0,0,1
0,398,0,0,0,0,0,1,0,0,1,0,0,1,0,0,1,0.0,0.0,0.050748620223090936,0,1,0,0,0,0,1,0,0,0,0,0,0,0,0,0,0,0,1
0,399,0,0,0,0,1,0,0,0,1,0,0,1,0,0,1,0.0,0.0,0.020494635090094415,1,0,0,0,0,0,0,0,1,0,0,0,0,0,0,0,0,0,1
1,400,0,0,0,0,1,0,0,0,1,0,1,0,0,0,1,0.0,0.0,0.02469115560854232,0,1,0,0,0,0,0,1,0,0,0,0,0,0,0,0,0,0,1
1,401,0,0,0,0,0,1,0,0,0,1,0,1,0,0,1,0.0,0.0,0.015468569817999833,1,0,0,0,0,0,1,0,0,0,0,0,0,0,0,0,0,0,1
0,402,0,0,0,0,1,0,0,0,0,1,0,1,0,0,1,0.0,0.0,0.015712553569072387,1,0,0,0,0,0,1,0,0,0,0,0,0,0,0,0,0,0,1
0,403,0,0,0,0,1,0,0,0,0,1,1,0,0,0,1,0.125,0.0,0.019177122834302632,1,0,0,0,0,1,0,0,0,0,0,0,0,0,0,0,0,0,1
0,404,0,0,0,0,1,0,0,0,0,1,0,1,0,0,1,0.125,0.0,0.030937139635999665,0,1,0,0,0,0,1,0,0,0,0,0,0,0,0,0,0,0,1
0,405,0,0,0,0,1,0,0,0,0,1,1,0,0,0,1,0.0,0.0,0.016908073949327893,1,0,0,0,0,1,0,0,0,0,0,0,0,0,0,0,0,0,1
0,406,0,0,0,0,1,0,0,0,1,0,0,1,0,0,1,0.125,0.0,0.04098927018018883,0,1,0,0,0,0,1,0,0,0,0,0,0,0,0,0,0,0,1
0,407,0,0,0,0,0,1,0,0,0,1,0,1,0,0,1,0.0,0.0,0.015126992566498259,1,0,0,0,0,0,1,0,0,0,0,0,0,0,0,0,0,0,1
1,408,0,1,0,0,0,0,0,0,1,0,0,1,0,0,1,0.125,0.16666666666666666,0.03659756266088288,0,1,0,0,1,0,0,0,0,0,0,0,0,0,0,0,0,0,1
0,409,0,0,0,0,1,0,0,0,0,1,0,1,0,0,1,0.0,0.0,0.015175789316712771,1,0,0,0,0,0,1,0,0,0,0,0,0,0,0,0,0,0,1
0,410,1,0,0,0,0,0,0,0,0,1,1,0,0,0,1,0.375,0.16666666666666666,0.049707687947515,0,1,0,0,0,1,0,0,0,0,0,0,0,0,0,0,0,0,1
0,411,1,0,0,0,0,0,0,0,0,1,0,1,0,0,1,0.0,0.0,0.015411575213749286,1,0,0,0,0,0,1,0,0,0,0,0,0,0,0,0,0,0,1
0,412,1,0,0,0,0,0,0,0,0,1,0,1,0,1,0,0.0,0.0,0.013386510079847098,1,0,0,0,0,0,1,0,0,0,0,0,0,0,0,0,0,0,1
1,413,0,0,0,0,1,0,0,1,0,0,1,0,0,1,0,0.125,0.0,0.17566830077223786,0,0,1,0,0,1,0,0,0,0,0,0,1,0,0,0,0,0,0
0,414,1,0,0,0,0,0,0,0,1,0,0,1,0,0,1,0.0,0.0,0.0,0,0,0,0,0,0,1,0,0,0,0,0,0,0,0,0,0,0,1
1,415,0,0,0,0,0,1,0,0,0,1,0,1,0,0,1,0.0,0.0,0.015468569817999833,1,0,0,0,0,0,1,0,0,0,0,0,0,0,0,0,0,0,1
0,416,1,0,0,0,0,0,0,0,0,1,1,0,0,0,1,0.0,0.0,0.015712553569072387,1,0,0,0,0,0,0,1,0,0,0,0,0,0,0,0,0,0,1
1,417,0,0,0,0,1,0,0,0,1,0,1,0,0,0,1,0.125,0.16666666666666666,0.06343577527886367,0,1,0,0,0,0,0,1,0,0,0,0,0,0,0,0,0,0,1
1,418,0,0,0,1,0,0,0,0,1,0,1,0,0,0,1,0.0,0.3333333333333333,0.025374310111545468,0,1,0,0,0,1,0,0,0,0,0,0,0,0,0,0,0,0,1
0,419,0,0,0,0,1,0,0,0,1,0,0,1,0,0,1,0.0,0.0,0.025374310111545468,0,1,0,0,0,0,1,0,0,0,0,0,0,0,0,0,0,0,1
0,420,0,0,1,0,0,0,0,0,0,1,1,0,0,0,1,0.0,0.3333333333333333,0.04713766070721715,0,1,0,0,0,1,0,0,0,0,0,0,0,0,0,0,0,0,1
0,421,1,0,0,0,0,0,0,0,0,1,0,1,1,0,0,0.0,0.0,0.015411575213749286,1,0,0,0,0,0,1,0,0,0,0,0,0,0,0,0,0,0,1
0,422,0,0,0,0,1,0,0,0,0,1,0,1,0,1,0,0.0,0.0,0.015094396337354966,1,0,0,0,0,0,1,0,0,0,0,0,0,0,0,0,0,0,1
0,423,0,0,0,0,1,0,0,0,0,1,0,1,0,0,1,0.0,0.0,0.015370976317570811,1,0,0,0,0,0,1,0,0,0,0,0,0,0,0,0,0,0,1
0,424,0,0,0,0,1,0,0,0,0,1,1,0,0,0,1,0.125,0.16666666666666666,0.028106928123558056,0,1,0,0,0,0,0,1,0,0,0,0,0,0,0,0,0,0,1
0,425,0,0,0,1,0,0,0,0,0,1,0,1,0,0,1,0.125,0.16666666666666666,0.039452172548431745,0,1,0,0,0,0,1,0,0,0,0,0,0,0,0,0,0,0,1
0,426,1,0,0,0,0,0,0,0,0,1,0,1,0,0,1,0.0,0.0,0.014151057562208049,1,0,0,0,0,0,1,0,0,0,0,0,0,0,0,0,0,0,1
1,427,0,0,0,0,1,0,0,0,1,0,1,0,0,0,1,0.125,0.0,0.050748620223090936,0,1,0,0,0,0,0,1,0,0,0,0,0,0,0,0,0,0,1
1,428,0,0,0,0,1,0,0,0,1,0,1,0,0,0,1,0.0,0.0,0.050748620223090936,0,1,0,0,0,1,0,0,0,0,0,0,0,0,0,0,0,0,1
0,429,1,0,0,0,0,0,0,0,0,1,0,1,0,1,0,0.0,0.0,0.015126992566498259,1,0,0,0,0,0,1,0,0,0,0,0,0,0,0,0,0,0,1
1,430,0,0,0,0,1,0,0,0,0,1,0,1,0,0,1,0.0,0.0,0.015712553569072387,1,0,0,0,0,0,1,0,0,0,0,0,0,0,1,0,0,0,0
1,431,0,0,0,0,1,0,0,1,0,0,0,1,0,0,1,0.0,0.0,0.051822148727810165,0,1,0,0,0,0,1,0,0,0,0,0,1,0,0,0,0,0,0
1,432,1,0,0,0,0,0,0,0,0,1,1,0,0,0,1,0.125,0.0,0.031425107138144774,0,1,0,0,0,0,0,1,0,0,0,0,0,0,0,0,0,0,1
1,433,0,0,0,0,0,1,0,0,1,0,1,0,0,0,1,0.125,0.0,0.050748620223090936,0,1,0,0,0,0,0,1,0,0,0,0,0,0,0,0,0,0,1
0,434,0,0,0,1,0,0,0,0,0,1,0,1,0,0,1,0.0,0.0,0.013907073811135496,1,0,0,0,0,0,1,0,0,0,0,0,0,0,0,0,0,0,1
0,435,0,0,0,0,0,1,0,1,0,0,0,1,0,0,1,0.125,0.0,0.1091095334796455,0,0,1,0,0,0,1,0,0,0,0,0,0,0,1,0,0,0,0
1,436,0,0,0,1,0,0,0,1,0,0,1,0,0,0,1,0.125,0.3333333333333333,0.23422440102965048,0,0,0,1,0,1,0,0,0,0,0,1,0,0,0,0,0,0,0
0,437,0,0,0,0,1,0,0,0,0,1,1,0,0,0,1,0.25,0.3333333333333333,0.06709553154495196,0,1,0,0,0,1,0,0,0,0,0,0,0,0,0,0,0,0,1
1,438,0,0,0,0,1,0,0,0,1,0,1,0,0,0,1,0.25,0.5,0.03659756266088288,0,1,0,0,0,0,0,1,0,0,0,0,0,0,0,0,0,0,1
0,439,0,0,0,0,0,0,1,1,0,0,0,1,0,0,1,0.125,0.6666666666666666,0.5133418122566507,0,0,0,1,0,0,1,0,0,0,0,0,1,0,0,0,0,0,0
0,440,0,0,0,0,1,0,0,0,1,0,0,1,0,0,1,0.0,0.0,0.020494635090094415,1,0,0,0,0,0,1,0,0,0,0,0,0,0,0,0,0,0,1
1,441,0,0,0,0,0,1,0,0,1,0,1,0,0,0,1,0.125,0.16666666666666666,0.05123658772523604,0,1,0,0,0,0,0,1,0,0,0,0,0,0,0,0,0,0,1
0,442,0,0,0,0,1,0,0,0,0,1,0,1,0,0,1,0.0,0.0,0.018542765081513996,1,0,0,0,0,0,1,0,0,0,0,0,0,0,0,0,0,0,1
0,443,0,0,0,0,1,0,0,0,0,1,0,1,0,0,1,0.125,0.0,0.015175789316712771,1,0,0,0,0,0,1,0,0,0,0,0,0,0,0,0,0,0,1
1,444,0,0,0,0,1,0,0,0,1,0,1,0,0,0,1,0.0,0.0,0.025374310111545468,0,1,0,0,0,0,0,1,0,0,0,0,0,0,0,0,0,0,1
1,445,1,0,0,0,0,0,0,0,0,1,0,1,0,0,1,0.0,0.0,0.015834545444608664,1,0,0,0,0,0,1,0,0,0,0,0,0,0,0,0,0,0,1
1,446,0,1,0,0,0,0,0,1,0,0,0,1,0,0,1,0.0,0.3333333333333333,0.15977676072337862,0,0,1,0,1,0,0,0,0,0,1,0,0,0,0,0,0,0,0
1,447,0,0,0,1,0,0,0,0,1,0,1,0,0,0,1,0.0,0.16666666666666666,0.038061465167318204,0,1,0,0,0,1,0,0,0,0,0,0,0,0,0,0,0,0,1
1,448,0,0,0,0,1,0,0,1,0,0,0,1,0,0,1,0.0,0.0,0.051822148727810165,0,1,0,0,0,0,1,0,0,0,0,0,0,0,0,0,0,0,1
1,449,0,1,0,0,0,0,0,0,0,1,1,0,1,0,0,0.25,0.16666666666666666,0.03758969818624431,0,1,0,0,0,1,0,0,0,0,0,0,0,0,0,0,0,0,1
1,450,0,0,0,0,0,1,0,1,0,0,0,1,0,0,1,0.0,0.0,0.05953203526170282,0,1,0,0,0,0,0,0,1,0,0,0,1,0,0,0,0,0,0
0,451,0,0,0,0,0,1,0,0,1,0,0,1,0,0,1,0.125,0.3333333333333333,0.05416439273810667,0,1,0,0,0,0,1,0,0,0,0,0,0,0,0,0,0,0,1
0,452,1,0,0,0,0,0,0,0,0,1,0,1,0,0,1,0.125,0.0,0.03897240290032268,0,1,0,0,0,0,1,0,0,0,0,0,0,0,0,0,0,0,1
0,453,0,0,0,0,1,0,0,1,0,0,0,1,1,0,0,0.0,0.0,0.05416439273810667,0,1,0,0,0,0,1,0,0,0,0,0,1,0,0,0,0,0,0
1,454,0,0,0,0,0,1,0,1,0,0,0,1,1,0,0,0.125,0.0,0.17391981561855152,0,0,1,0,0,0,1,0,0,0,0,0,1,0,0,0,0,0,0
0,455,1,0,0,0,0,0,0,0,0,1,0,1,0,0,1,0.0,0.0,0.015712553569072387,1,0,0,0,0,0,1,0,0,0,0,0,0,0,0,0,0,0,1
1,456,0,0,0,0,1,0,0,0,0,1,0,1,1,0,0,0.0,0.0,0.015411575213749286,1,0,0,0,0,0,1,0,0,0,0,0,0,0,0,0,0,0,1
0,457,0,0,0,0,0,0,1,1,0,0,0,1,0,0,1,0.0,0.0,0.051822148727810165,0,1,0,0,0,0,1,0,0,0,0,0,0,0,1,0,0,0,0
1,458,1,0,0,0,0,0,0,1,0,0,1,0,0,0,1,0.125,0.0,0.10122885832000206,0,0,1,0,0,0,0,1,0,0,0,0,0,1,0,0,0,0,0
1,459,0,0,0,0,0,1,0,0,1,0,1,0,0,0,1,0.0,0.0,0.020494635090094415,1,0,0,0,0,1,0,0,0,0,0,0,0,0,0,0,0,0,1
0,460,1,0,0,0,0,0,0,0,0,1,0,1,0,1,0,0.0,0.0,0.015126992566498259,1,0,0,0,0,0,1,0,0,0,0,0,0,0,0,0,0,0,1
1,461,0,0,0,0,0,1,0,1,0,0,0,1,0,0,1,0.0,0.0,0.051822148727810165,0,1,0,0,0,0,1,0,0,0,0,0,0,0,1,0,0,0,0
0,462,0,0,0,0,1,0,0,0,0,1,0,1,0,0,1,0.0,0.0,0.015712553569072387,1,0,0,0,0,0,1,0,0,0,0,0,0,0,0,0,0,0,1
0,463,0,0,0,0,0,1,0,1,0,0,0,1,0,0,1,0.0,0.0,0.07514699533034619,0,1,0,0,0,0,1,0,0,0,0,0,0,0,1,0,0,0,0
0,464,0,0,0,0,0,1,0,0,1,0,0,1,0,0,1,0.0,0.0,0.025374310111545468,0,1,0,0,0,0,1,0,0,0,0,0,0,0,0,0,0,0,1
0,465,1,0,0,0,0,0,0,0,0,1,0,1,0,0,1,0.0,0.0,0.015712553569072387,1,0,0,0,0,0,1,0,0,0,0,0,0,0,0,0,0,0,1
0,466,0,0,0,0,0,1,0,0,0,1,0,1,0,0,1,0.0,0.0,0.013760683560491965,1,0,0,0,0,0,1,0,0,0,0,0,0,0,0,0,0,0,1
0,467,1,0,0,0,0,0,0,0,1,0,0,1,0,0,1,0.0,0.0,0.0,0,0,0,0,0,0,1,0,0,0,0,0,0,0,0,0,0,0,1
0,468,0,0,0,0,0,1,0,1,0,0,0,1,0,0,1,0.0,0.0,0.051822148727810165,0,1,0,0,0,0,1,0,0,0,0,0,0,0,0,0,0,0,1
0,469,1,0,0,0,0,0,0,0,0,1,0,1,0,1,0,0.0,0.0,0.015078195816283748,1,0,0,0,0,0,1,0,0,0,0,0,0,0,0,0,0,0,1
1,470,0,1,0,0,0,0,0,0,0,1,1,0,1,0,0,0.25,0.16666666666666666,0.03758969818624431,0,1,0,0,0,1,0,0,0,0,0,0,0,0,0,0,0,0,1
0,471,1,0,0,0,0,0,0,0,0,1,0,1,0,0,1,0.0,0.0,0.014151057562208049,1,0,0,0,0,0,1,0,0,0,0,0,0,0,0,0,0,0,1
0,472,0,0,0,0,0,1,0,0,0,1,0,1,0,0,1,0.0,0.0,0.016908073949327893,1,0,0,0,0,0,1,0,0,0,0,0,0,0,0,0,0,0,1
1,473,0,0,0,0,1,0,0,0,1,0,1,0,0,0,1,0.125,0.3333333333333333,0.05416439273810667,0,1,0,0,0,0,0,1,0,0,0,0,0,0,0,0,0,0,1
1,474,0,0,0,0,1,0,0,0,1,0,1,0,1,0,0,0.0,0.0,0.026919605597338588,0,1,0,0,0,0,0,1,0,0,0,0,0,1,0,0,0,0,0
0,475,0,0,0,0,1,0,0,0,0,1,1,0,0,0,1,0.0,0.0,0.019201521209409888,1,0,0,0,0,1,0,0,0,0,0,0,0,0,0,0,0,0,1
0,476,1,0,0,0,0,0,0,1,0,0,0,1,0,0,1,0.0,0.0,0.10149724044618187,0,0,1,0,0,0,1,0,0,0,1,0,0,0,0,0,0,0,0
0,477,0,0,0,0,1,0,0,0,1,0,0,1,0,0,1,0.125,0.0,0.04098927018018883,0,1,0,0,0,0,1,0,0,0,0,0,0,0,0,0,0,0,1
0,478,0,0,0,0,1,0,0,0,0,1,0,1,0,0,1,0.125,0.0,0.013752485706455927,1,0,0,0,0,0,1,0,0,0,0,0,0,0,0,0,0,0,1
0,479,0,0,0,0,1,0,0,0,0,1,0,1,0,0,1,0.0,0.0,0.014679623960531627,1,0,0,0,0,0,1,0,0,0,0,0,0,0,0,0,0,0,1
1,480,0,1,0,0,0,0,0,0,0,1,1,0,0,0,1,0.0,0.16666666666666666,0.023983602730431916,0,1,0,0,0,1,0,0,0,0,0,0,0,0,0,0,0,0,1
0,481,0,0,1,0,0,0,0,0,0,1,0,1,0,0,1,0.625,0.3333333333333333,0.09154270340242172,0,1,0,0,1,0,0,0,0,0,0,0,0,0,0,0,0,0,1
0,482,1,0,0,0,0,0,0,0,1,0,0,1,0,0,1,0.0,0.0,0.0,0,0,0,0,0,0,1,0,0,0,0,0,0,0,0,0,0,0,1
0,483,0,0,0,0,0,1,0,0,0,1,0,1,0,0,1,0.0,0.0,0.015712553569072387,1,0,0,0,0,0,1,0,0,0,0,0,0,0,0,0,0,0,1
1,484,0,0,0,0,0,0,1,0,0,1,1,0,0,0,1,0.0,0.0,0.018713553707264782,1,0,0,0,0,0,0,1,0,0,0,0,0,0,0,0,0,0,1
1,485,0,0,0,0,1,0,0,1,0,0,0,1,1,0,0,0.125,0.0,0.17777475888549785,0,0,1,0,0,0,1,0,0,0,0,1,0,0,0,0,0,0,0
0,486,1,0,0,0,0,0,0,0,0,1,1,0,0,0,1,0.375,0.16666666666666666,0.049707687947515,0,1,0,0,0,1,0,0,0,0,0,0,0,0,0,0,0,0,1
1,487,0,0,0,0,1,0,0,1,0,0,1,0,0,0,1,0.125,0.0,0.17566830077223786,0,0,1,0,0,0,0,1,0,0,0,0,1,0,0,0,0,0,0
0,488,0,0,0,0,0,1,0,1,0,0,0,1,1,0,0,0.0,0.0,0.057970539254838485,0,1,0,0,0,0,1,0,0,0,0,1,0,0,0,0,0,0,0
0,489,0,0,0,0,1,0,0,0,0,1,0,1,0,0,1,0.0,0.0,0.015712553569072387,1,0,0,0,0,0,1,0,0,0,0,0,0,0,0,0,0,0,1
1,490,0,0,1,0,0,0,0,0,0,1,0,1,0,0,1,0.125,0.16666666666666666,0.031034733136428686,0,1,0,0,1,0,0,0,0,0,0,0,0,0,0,0,0,0,1
0,491,1,0,0,0,0,0,0,0,0,1,0,1,0,0,1,0.125,0.0,0.03897240290032268,0,1,0,0,0,0,1,0,0,0,0,0,0,0,0,0,0,0,1
0,492,0,0,0,0,1,0,0,0,0,1,0,1,0,0,1,0.0,0.0,0.014151057562208049,1,0,0,0,0,0,1,0,0,0,0,0,0,0,0,0,0,0,1
0,493,0,0,0,0,0,1,0,1,0,0,0,1,0,0,1,0.0,0.0,0.05953203526170282,0,1,0,0,0,0,1,0,0,0,0,0,1,0,0,0,0,0,0
0,494,0,0,0,0,0,0,1,1,0,0,0,1,1,0,0,0.0,0.0,0.09662576327876685,0,1,0,0,0,0,1,0,0,0,0,0,0,0,0,0,0,0,1
0,495,0,0,0,0,1,0,0,0,0,1,0,1,0,0,1,0.0,0.0,0.015712553569072387,1,0,0,0,0,0,1,0,0,0,0,0,0,0,0,0,0,0,1
0,496,1,0,0,0,0,0,0,0,0,1,0,1,1,0,0,0.0,0.0,0.028220722145058292,0,1,0,0,0,0,1,0,0,0,0,0,0,0,0,0,0,0,1
1,497,0,0,0,0,0,1,0,1,0,0,1,0,1,0,0,0.125,0.0,0.1527664244005612,0,0,1,0,0,1,0,0,0,0,0,0,0,1,0,0,0,0,0
0,498,1,0,0,0,0,0,0,0,0,1,0,1,0,0,1,0.0,0.0,0.029473237129564348,0,1,0,0,0,0,1,0,0,0,0,0,0,0,0,0,0,0,1
0,499,0,0,0,0,1,0,0,1,0,0,1,0,0,0,1,0.125,0.3333333333333333,0.29580589980036276,0,0,0,1,0,0,0,1,0,0,0,0,1,0,0,0,0,0,0
0,500,0,0,0,0,1,0,0,0,0,1,0,1,0,0,1,0.0,0.0,0.015216388212891242,1,0,0,0,0,0,1,0,0,0,0,0,0,0,0,0,0,0,1
0,501,0,0,0,1,0,0,0,0,0,1,0,1,0,0,1,0.0,0.0,0.016908073949327893,1,0,0,0,0,0,1,0,0,0,0,0,0,0,0,0,0,0,1
0,502,0,0,0,0,1,0,0,0,0,1,1,0,0,1,0,0.0,0.0,0.015126992566498259,1,0,0,0,0,1,0,0,0,0,0,0,0,0,0,0,0,0,1
0,503,1,0,0,0,0,0,0,0,0,1,1,0,0,1,0,0.0,0.0,0.014891206669461744,1,0,0,0,0,1,0,0,0,0,0,0,0,0,0,0,0,0,1
0,504,0,0,0,0,0,1,0,0,0,1,1,0,0,0,1,0.0,0.0,0.018713553707264782,1,0,0,0,0,1,0,0,0,0,0,0,0,0,0,0,0,0,1
1,505,0,0,0,1,0,0,0,1,0,0,1,0,0,0,1,0.0,0.0,0.16883675574220638,0,0,1,0,0,1,0,0,0,0,0,1,0,0,0,0,0,0,0
0,506,0,0,0,1,0,0,0,1,0,0,0,1,1,0,0,0.125,0.0,0.2125586439344078,0,0,0,1,0,0,1,0,0,0,0,0,1,0,0,0,0,0,0
1,507,0,0,0,0,1,0,0,0,1,0,1,0,0,0,1,0.0,0.3333333333333333,0.050748620223090936,0,1,0,0,0,0,0,1,0,0,0,0,0,0,0,0,0,0,1
1,508,1,0,0,0,0,0,0,1,0,0,0,1,0,0,1,0.0,0.0,0.051822148727810165,0,1,0,0,0,0,1,0,0,0,0,0,0,0,0,0,0,0,1
0,509,0,0,0,0,1,0,0,0,0,1,0,1,0,0,1,0.0,0.0,0.04396587194327397,0,1,0,0,0,0,1,0,0,0,0,0,0,0,0,0,0,0,1
1,510,0,0,0,0,1,0,0,0,0,1,0,1,0,0,1,0.0,0.0,0.11027245763075773,0,0,1,0,0,0,1,0,0,0,0,0,0,0,0,0,0,0,1
1,511,0,0,0,0,1,0,0,0,0,1,0,1,0,1,0,0.0,0.0,0.015126992566498259,1,0,0,0,0,0,1,0,0,0,0,0,0,0,0,0,0,0,1
0,512,1,0,0,0,0,0,0,0,0,1,0,1,0,0,1,0.0,0.0,0.015712553569072387,1,0,0,0,0,0,1,0,0,0,0,0,0,0,0,0,0,0,1
1,513,0,0,0,0,0,1,0,1,0,0,0,1,0,0,1,0.0,0.0,0.05130978285055781,0,1,0,0,0,0,1,0,0,0,0,0,0,0,1,0,0,0,0
1,514,0,0,0,0,0,1,0,1,0,0,1,0,1,0,0,0.125,0.0,0.11594107850967697,0,0,1,0,0,0,0,1,0,0,0,0,0,0,0,0,0,0,1
0,515,0,0,0,0,1,0,0,0,0,1,0,1,0,0,1,0.0,0.0,0.014630827210317117,1,0,0,0,0,0,1,0,0,0,0,0,0,0,0,0,0,0,1
0,516,0,0,0,0,0,1,0,1,0,0,0,1,0,0,1,0.0,0.0,0.06640417918791278,0,1,0,0,0,0,1,0,0,0,0,0,0,1,0,0,0,0,0
1,517,0,0,0,0,1,0,0,0,1,0,1,0,0,0,1,0.0,0.0,0.020494635090094415,1,0,0,0,0,0,0,1,0,0,0,0,0,0,0,1,0,0,0
0,518,1,0,0,0,0,0,0,0,0,1,0,1,0,1,0,0.0,0.0,0.04713766070721715,0,1,0,0,0,0,1,0,0,0,0,0,0,0,0,0,0,0,1
1,519,0,0,0,0,0,1,0,0,1,0,1,0,0,0,1,0.125,0.0,0.050748620223090936,0,1,0,0,0,0,0,1,0,0,0,0,0,0,0,0,0,0,1
0,520,0,0,0,0,1,0,0,0,0,1,0,1,0,0,1,0.0,0.0,0.015411575213749286,1,0,0,0,0,0,1,0,0,0,0,0,0,0,0,0,0,0,1
1,521,0,0,0,0,1,0,0,1,0,0,1,0,0,0,1,0.0,0.0,0.18249984580226933,0,0,1,0,0,1,0,0,0,0,0,1,0,0,0,0,0,0,0
0,522,0,0,0,0,1,0,0,0,0,1,0,1,0,0,1,0.0,0.0,0.015411575213749286,1,0,0,0,0,0,1,0,0,0,0,0,0,0,0,0,0,0,1
0,523,1,0,0,0,0,0,0,0,0,1,0,1,1,0,0,0.0,0.0,0.014102260811993537,1,0,0,0,0,0,1,0,0,0,0,0,0,0,0,0,0,0,1
1,524,0,0,0,0,0,1,0,1,0,0,1,0,1,0,0,0.0,0.16666666666666666,0.11316786160148591,0,0,1,0,0,0,0,1,0,0,0,1,0,0,0,0,0,0,0
0,525,1,0,0,0,0,0,0,0,0,1,0,1,1,0,0,0.0,0.0,0.014110458666029575,1,0,0,0,0,0,1,0,0,0,0,0,0,0,0,0,0,0,1
0,526,0,0,0,0,0,1,0,0,0,1,0,1,0,1,0,0.0,0.0,0.015126992566498259,1,0,0,0,0,0,1,0,0,0,0,0,0,0,0,0,0,0,1
1,527,0,0,0,0,0,1,0,0,1,0,1,0,0,0,1,0.0,0.0,0.020494635090094415,1,0,0,0,0,1,0,0,0,0,0,0,0,0,0,0,0,0,1
0,528,1,0,0,0,0,0,0,1,0,0,0,1,0,0,1,0.0,0.0,0.4328841690069588,0,0,0,1,0,0,1,0,0,0,0,0,1,0,0,0,0,0,0
0,529,0,0,0,0,0,1,0,0,0,1,0,1,0,0,1,0.0,0.0,0.015468569817999833,1,0,0,0,0,0,1,0,0,0,0,0,0,0,0,0,0,0,1
0,530,0,0,0,0,1,0,0,0,1,0,0,1,0,0,1,0.25,0.16666666666666666,0.022446505098674838,1,0,0,0,0,0,1,0,0,0,0,0,0,0,0,0,0,0,1
1,531,0,1,0,0,0,0,0,0,1,0,1,0,0,0,1,0.125,0.16666666666666666,0.050748620223090936,0,1,0,0,0,1,0,0,0,0,0,0,0,0,0,0,0,0,1
0,532,1,0,0,0,0,0,0,0,0,1,0,1,1,0,0,0.0,0.0,0.014110458666029575,1,0,0,0,0,0,1,0,0,0,0,0,0,0,0,0,0,0,1
0,533,0,0,0,1,0,0,0,0,0,1,0,1,1,0,0,0.125,0.16666666666666666,0.014110458666029575,1,0,0,0,0,0,1,0,0,0,0,0,0,0,0,0,0,0,1
1,534,1,0,0,0,0,0,0,0,0,1,1,0,1,0,0,0.0,0.3333333333333333,0.04364049521284362,0,1,0,0,0,0,0,1,0,0,0,0,0,0,0,0,0,0,1
0,535,0,0,0,0,1,0,0,0,0,1,1,0,0,0,1,0.0,0.0,0.016908073949327893,1,0,0,0,0,1,0,0,0,0,0,0,0,0,0,0,0,0,1
1,536,0,0,1,0,0,0,0,0,1,0,1,0,0,0,1,0.0,0.3333333333333333,0.05123658772523604,0,1,0,0,0,1,0,0,0,0,0,0,0,0,0,0,0,0,1
0,537,0,0,0,0,0,1,0,1,0,0,0,1,0,0,1,0.0,0.0,0.051822148727810165,0,1,0,0,0,0,0,0,1,0,0,1,0,0,0,0,0,0,0
1,538,0,0,0,0,1,0,0,1,0,0,1,0,1,0,0,0.0,0.0,0.20772776566317125,0,0,0,1,0,1,0,0,0,0,0,0,0,0,0,0,0,0,1
0,539,1,0,0,0,0,0,0,0,0,1,0,1,0,0,1,0.0,0.0,0.028302115124416098,0,1,0,0,0,0,1,0,0,0,0,0,0,0,0,0,0,0,1
1,540,0,0,0,0,1,0,0,1,0,0,1,0,1,0,0,0.0,0.3333333333333333,0.09661756542473082,0,1,0,0,0,1,0,0,0,0,0,1,0,0,0,0,0,0,0
1,541,0,0,0,0,0,1,0,1,0,0,1,0,0,0,1,0.0,0.3333333333333333,0.13858277060920987,0,0,1,0,0,1,0,0,0,0,0,1,0,0,0,0,0,0,0
0,542,0,0,1,0,0,0,0,0,0,1,1,0,0,0,1,0.5,0.3333333333333333,0.06104473451835265,0,1,0,0,0,1,0,0,0,0,0,0,0,0,0,0,0,0,1
0,543,0,0,1,0,0,0,0,0,0,1,1,0,0,0,1,0.5,0.3333333333333333,0.06104473451835265,0,1,0,0,0,1,0,0,0,0,0,0,0,0,0,0,0,0,1
1,544,0,0,0,0,1,0,0,0,1,0,0,1,0,0,1,0.125,0.0,0.050748620223090936,0,1,0,0,0,0,1,0,0,0,0,0,0,0,0,0,0,0,1
0,545,0,0,0,0,0,1,0,1,0,0,0,1,1,0,0,0.125,0.0,0.20772776566317125,0,0,0,1,0,0,1,0,0,0,0,0,1,0,0,0,0,0,0
0,546,0,0,0,0,0,0,1,1,0,0,0,1,0,0,1,0.0,0.0,0.050748620223090936,0,1,0,0,0,0,1,0,0,0,0,0,0,0,0,0,0,0,1
1,547,0,0,0,0,1,0,0,0,1,0,1,0,0,0,1,0.125,0.0,0.050748620223090936,0,1,0,0,0,0,0,1,0,0,0,0,0,0,0,0,0,0,1
1,548,1,0,0,0,0,0,0,0,1,0,0,1,1,0,0,0.0,0.0,0.02705779799394608,0,1,0,0,0,0,1,0,0,0,0,0,0,0,0,0,0,0,1
0,549,0,0,0,0,1,0,0,0,0,1,0,1,0,0,1,0.125,0.16666666666666666,0.04006213192611313,0,1,0,0,0,0,1,0,0,0,0,0,0,0,0,0,0,0,1
1,550,0,0,1,0,0,0,0,0,1,0,0,1,0,0,1,0.125,0.16666666666666666,0.07173122281533045,0,1,0,0,1,0,0,0,0,0,0,0,0,0,0,0,0,0,1
1,551,0,0,0,1,0,0,0,1,0,0,0,1,1,0,0,0.0,0.3333333333333333,0.21642978772242535,0,0,0,1,0,0,1,0,0,0,0,0,1,0,0,0,0,0,0
0,552,0,0,0,0,1,0,0,0,1,0,0,1,0,0,1,0.0,0.0,0.050748620223090936,0,1,0,0,0,0,1,0,0,0,0,0,0,0,0,0,0,0,1
0,553,1,0,0,0,0,0,0,0,0,1,0,1,0,1,0,0.0,0.0,0.015281580671177828,1,0,0,0,0,0,1,0,0,0,0,0,0,0,0,0,0,0,1
1,554,0,0,0,0,1,0,0,0,0,1,0,1,1,0,0,0.0,0.0,0.014102260811993537,1,0,0,0,0,0,1,0,0,0,0,0,0,0,0,0,0,0,1
1,555,0,0,0,0,1,0,0,0,0,1,1,0,0,0,1,0.0,0.0,0.015175789316712771,1,0,0,0,0,1,0,0,0,0,0,0,0,0,0,0,0,0,1
0,556,0,0,0,0,0,0,1,1,0,0,0,1,0,0,1,0.0,0.0,0.051822148727810165,0,1,0,0,0,0,1,0,0,0,0,0,0,0,0,0,0,0,1
1,557,0,0,0,0,0,1,0,1,0,0,1,0,1,0,0,0.125,0.0,0.07729405233978466,0,1,0,0,0,0,0,0,0,1,1,0,0,0,0,0,0,0,0
0,558,1,0,0,0,0,0,0,1,0,0,0,1,1,0,0,0.0,0.0,0.4440992237022602,0,0,0,1,0,0,1,0,0,0,0,0,0,0,0,0,0,0,1
1,559,0,0,0,0,0,1,0,1,0,0,1,0,0,0,1,0.125,0.16666666666666666,0.1554664461834305,0,0,1,0,0,0,0,1,0,0,0,0,0,0,1,0,0,0,0
1,560,0,0,0,0,0,1,0,0,0,1,1,0,0,0,1,0.125,0.0,0.033962538149299316,0,1,0,0,0,0,0,1,0,0,0,0,0,0,0,0,0,0,1
0,561,1,0,0,0,0,0,0,0,0,1,0,1,0,1,0,0.0,0.0,0.015126992566498259,1,0,0,0,0,0,1,0,0,0,0,0,0,0,0,0,0,0,1
0,562,0,0,0,0,0,1,0,0,0,1,0,1,0,0,1,0.0,0.0,0.015411575213749286,1,0,0,0,0,0,1,0,0,0,0,0,0,0,0,0,0,0,1
0,563,0,0,0,0,1,0,0,0,1,0,0,1,0,0,1,0.0,0.0,0.026350245115835676,0,1,0,0,0,0,1,0,0,0,0,0,0,0,0,0,0,0,1
0,564,1,0,0,0,0,0,0,0,0,1,0,1,0,0,1,0.0,0.0,0.015712553569072387,1,0,0,0,0,0,1,0,0,0,0,0,0,0,0,0,0,0,1
0,565,1,0,0,0,0,0,0,0,0,1,1,0,0,0,1,0.0,0.0,0.015712553569072387,1,0,0,0,0,1,0,0,0,0,0,0,0,0,0,0,0,0,1
0,566,0,0,0,0,1,0,0,0,0,1,0,1,0,0,1,0.25,0.0,0.04713766070721715,0,1,0,0,0,0,1,0,0,0,0,0,0,0,0,0,0,0,1
0,567,0,0,0,0,1,0,0,0,0,1,0,1,0,0,1,0.0,0.0,0.015411575213749286,1,0,0,0,0,0,1,0,0,0,0,0,0,0,0,0,0,0,1
0,568,0,0,0,0,1,0,0,0,0,1,1,0,0,0,1,0.0,0.6666666666666666,0.04113566043083236,0,1,0,0,0,0,0,1,0,0,0,0,0,0,0,0,0,0,1
0,569,1,0,0,0,0,0,0,0,0,1,0,1,1,0,0,0.0,0.0,0.014110458666029575,1,0,0,0,0,0,1,0,0,0,0,0,0,0,0,0,0,0,1
1,570,0,0,0,0,1,0,0,0,0,1,0,1,0,0,1,0.0,0.0,0.015330377421392339,1,0,0,0,0,0,1,0,0,0,0,0,0,0,0,0,0,0,1
1,571,0,0,0,0,0,0,1,0,1,0,0,1,0,0,1,0.0,0.0,0.020494635090094415,1,0,0,0,0,0,1,0,0,0,0,0,0,0,0,0,0,0,1
1,572,0,0,0,0,0,1,0,1,0,0,1,0,0,0,1,0.25,0.0,0.10048070654571319,0,0,1,0,0,0,0,1,0,0,0,0,1,0,0,0,0,0,0
1,573,0,0,0,0,0,1,0,1,0,0,0,1,0,0,1,0.0,0.0,0.051504969851415845,0,1,0,0,0,0,1,0,0,0,0,0,0,0,1,0,0,0,0
1,574,1,0,0,0,0,0,0,0,0,1,1,0,0,1,0,0.0,0.0,0.015126992566498259,1,0,0,0,0,1,0,0,0,0,0,0,0,0,0,0,0,0,1
0,575,0,0,0,1,0,0,0,0,0,1,0,1,0,0,1,0.0,0.0,0.015712553569072387,1,0,0,0,0,0,1,0,0,0,0,0,0,0,0,0,0,0,1
0,576,0,0,0,0,1,0,0,0,0,1,0,1,0,0,1,0.0,0.0,0.028302115124416098,0,1,0,0,0,0,1,0,0,0,0,0,0,0,0,0,0,0,1
1,577,0,0,0,0,1,0,0,0,1,0,1,0,0,0,1,0.0,0.0,0.025374310111545468,0,1,0,0,0,1,0,0,0,0,0,0,0,0,0,0,0,0,1
1,578,0,0,0,0,0,1,0,1,0,0,1,0,0,0,1,0.125,0.0,0.1091095334796455,0,0,1,0,0,0,0,1,0,0,0,0,0,0,1,0,0,0,0
0,579,1,0,0,0,0,0,0,0,0,1,1,0,1,0,0,0.125,0.0,0.028220722145058292,0,1,0,0,0,0,0,1,0,0,0,0,0,0,0,0,0,0,1
1,580,0,0,0,0,1,0,0,0,0,1,0,1,0,0,1,0.0,0.0,0.015468569817999833,1,0,0,0,0,0,1,0,0,0,0,0,0,0,0,0,0,0,1
1,581,0,0,0,0,1,0,0,0,1,0,1,0,0,0,1,0.125,0.16666666666666666,0.05855610025741262,0,1,0,0,0,1,0,0,0,0,0,0,0,0,0,0,0,0,1
1,582,0,0,0,0,0,1,0,1,0,0,1,0,1,0,0,0.125,0.16666666666666666,0.21642978772242535,0,0,0,1,0,0,0,1,0,0,0,0,1,0,0,0,0,0,0
0,583,0,0,0,0,0,1,0,0,1,0,0,1,0,0,1,0.0,0.0,0.050748620223090936,0,1,0,0,0,0,1,0,0,0,0,0,0,0,0,0,0,0,1
0,584,0,0,0,0,0,1,0,1,0,0,0,1,1,0,0,0.0,0.0,0.07831878409428937,0,1,0,0,0,0,1,0,0,0,1,0,0,0,0,0,0,0,0
0,585,1,0,0,0,0,0,0,0,0,1,0,1,1,0,0,0.0,0.0,0.017005667449756914,1,0,0,0,0,0,1,0,0,0,0,0,0,0,0,0,0,0,1
1,586,0,0,0,1,0,0,0,1,0,0,1,0,0,0,1,0.0,0.3333333333333333,0.1554664461834305,0,0,1,0,0,1,0,0,0,0,0,0,0,0,1,0,0,0,0
0,587,0,0,0,0,0,1,0,0,1,0,0,1,0,0,1,0.0,0.0,0.02927805012870631,0,1,0,0,0,0,1,0,0,0,0,0,0,0,0,0,0,0,1
1,588,0,0,0,0,0,1,0,1,0,0,0,1,1,0,0,0.125,0.16666666666666666,0.15458810467956932,0,0,1,0,0,0,1,0,0,0,0,1,0,0,0,0,0,0,0
0,589,0,0,0,0,1,0,0,0,0,1,0,1,0,0,1,0.0,0.0,0.015712553569072387,1,0,0,0,0,0,1,0,0,0,0,0,0,0,0,0,0,0,1
0,590,1,0,0,0,0,0,0,0,0,1,0,1,0,0,1,0.0,0.0,0.015712553569072387,1,0,0,0,0,0,1,0,0,0,0,0,0,0,0,0,0,0,1
0,591,0,0,0,0,1,0,0,0,0,1,0,1,0,0,1,0.0,0.0,0.013907073811135496,1,0,0,0,0,0,1,0,0,0,0,0,0,0,0,0,0,0,1
1,592,0,0,0,0,0,1,0,1,0,0,1,0,1,0,0,0.125,0.0,0.1527664244005612,0,0,1,0,0,0,0,1,0,0,0,0,0,1,0,0,0,0,0
0,593,0,0,0,0,0,1,0,0,0,1,0,1,0,0,1,0.0,0.0,0.014151057562208049,1,0,0,0,0,0,1,0,0,0,0,0,0,0,0,0,0,0,1
0,594,1,0,0,0,0,0,0,0,0,1,1,0,0,1,0,0.0,0.3333333333333333,0.015126992566498259,1,0,0,0,0,1,0,0,0,0,0,0,0,0,0,0,0,0,1
0,595,0,0,0,0,0,1,0,0,1,0,0,1,0,0,1,0.125,0.0,0.050748620223090936,0,1,0,0,0,0,1,0,0,0,0,0,0,0,0,0,0,0,1
0,596,0,0,0,0,0,1,0,0,0,1,0,1,0,0,1,0.125,0.16666666666666666,0.04713766070721715,0,1,0,0,0,0,1,0,0,0,0,0,0,0,0,0,0,0,1
1,597,1,0,0,0,0,0,0,0,1,0,1,0,0,0,1,0.0,0.0,0.06441171028315387,0,1,0,0,0,1,0,0,0,0,0,0,0,0,0,0,0,0,1
0,598,0,0,0,0,0,1,0,0,0,1,0,1,0,0,1,0.0,0.0,0.0,0,0,0,0,0,0,1,0,0,0,0,0,0,0,0,0,0,0,1
0,599,1,0,0,0,0,0,0,0,0,1,0,1,1,0,0,0.0,0.0,0.014102260811993537,1,0,0,0,0,0,1,0,0,0,0,0,0,0,0,0,0,0,1
1,600,0,0,0,0,0,1,0,1,0,0,0,1,1,0,0,0.125,0.0,0.11111839809247648,0,0,1,0,0,0,0,0,0,1,1,0,0,0,0,0,0,0,0
1,601,0,0,0,0,1,0,0,0,1,0,1,0,0,0,1,0.25,0.16666666666666666,0.05270049023167135,0,1,0,0,0,0,0,1,0,0,0,0,0,0,0,0,0,0,1
0,602,1,0,0,0,0,0,0,0,0,1,0,1,0,0,1,0.0,0.0,0.015411575213749286,1,0,0,0,0,0,1,0,0,0,0,0,0,0,0,0,0,0,1
0,603,1,0,0,0,0,0,0,1,0,0,0,1,0,0,1,0.0,0.0,0.08275928836380983,0,1,0,0,0,0,1,0,0,0,0,0,0,0,0,0,0,0,1
0,604,0,0,0,0,0,1,0,0,0,1,0,1,0,0,1,0.0,0.0,0.015712553569072387,1,0,0,0,0,0,1,0,0,0,0,0,0,0,0,0,0,0,1
1,605,0,0,0,0,1,0,0,1,0,0,0,1,1,0,0,0.0,0.0,0.051822148727810165,0,1,0,0,0,0,1,0,0,0,0,0,0,0,0,0,0,0,1
0,606,0,0,0,0,0,1,0,0,0,1,0,1,0,0,1,0.125,0.0,0.030351578633425542,0,1,0,0,0,0,1,0,0,0,0,0,0,0,0,0,0,0,1
0,607,0,0,0,0,1,0,0,0,0,1,0,1,0,0,1,0.0,0.0,0.015411575213749286,1,0,0,0,0,0,1,0,0,0,0,0,0,0,0,0,0,0,1
1,608,0,0,0,0,1,0,0,1,0,0,0,1,0,0,1,0.0,0.0,0.05953203526170282,0,1,0,0,0,0,1,0,0,0,0,0,0,0,0,0,0,0,1
1,609,0,0,0,0,1,0,0,0,1,0,1,0,1,0,0,0.125,0.3333333333333333,0.08115719346076702,0,1,0,0,0,0,0,1,0,0,0,0,0,0,0,0,0,0,1
1,610,0,0,0,0,0,1,0,1,0,0,1,0,0,0,1,0.0,0.0,0.2995388511917728,0,0,0,1,0,1,0,0,0,0,0,0,1,0,0,0,0,0,0
0,611,0,0,0,0,0,1,0,0,0,1,1,0,0,0,1,0.125,0.8333333333333333,0.06104473451835265,0,1,0,0,0,0,0,1,0,0,0,0,0,0,0,0,0,0,1
0,612,1,0,0,0,0,0,0,0,0,1,0,1,0,0,1,0.0,0.0,0.013760683560491965,1,0,0,0,0,0,1,0,0,0,0,0,0,0,0,0,0,0,1
1,613,1,0,0,0,0,0,0,0,0,1,1,0,0,1,0,0.125,0.0,0.030253985132996517,0,1,0,0,0,1,0,0,0,0,0,0,0,0,0,0,0,0,1
0,614,1,0,0,0,0,0,0,0,0,1,0,1,0,1,0,0.0,0.0,0.015126992566498259,1,0,0,0,0,0,1,0,0,0,0,0,0,0,0,0,0,0,1
0,615,0,0,0,0,1,0,0,0,0,1,0,1,0,0,1,0.0,0.0,0.015712553569072387,1,0,0,0,0,0,1,0,0,0,0,0,0,0,0,0,0,0,1
1,616,0,0,0,0,1,0,0,0,1,0,1,0,0,0,1,0.125,0.3333333333333333,0.12687155055772734,0,0,1,0,0,1,0,0,0,0,0,0,0,0,0,0,0,0,1
0,617,0,0,0,0,1,0,0,0,0,1,0,1,0,0,1,0.125,0.16666666666666666,0.028106928123558056,0,1,0,0,0,0,1,0,0,0,0,0,0,0,0,0,0,0,1
0,618,0,0,0,0,1,0,0,0,0,1,1,0,0,0,1,0.125,0.0,0.031425107138144774,0,1,0,0,0,0,0,1,0,0,0,0,0,0,0,0,0,0,1
1,619,0,1,0,0,0,0,0,0,1,0,1,0,0,0,1,0.25,0.16666666666666666,0.07612293033463641,0,1,0,0,0,1,0,0,0,0,0,0,0,0,0,1,0,0,0
0,620,0,0,0,0,1,0,0,0,1,0,0,1,0,0,1,0.0,0.0,0.020494635090094415,1,0,0,0,0,0,1,0,0,0,0,0,0,0,0,0,0,0,1
0,621,0,0,0,0,1,0,0,0,0,1,0,1,1,0,0,0.125,0.0,0.028212719478023115,0,1,0,0,0,0,1,0,0,0,0,0,0,0,0,0,0,0,1
1,622,0,0,0,0,0,1,0,1,0,0,0,1,0,0,1,0.125,0.0,0.10257896680493714,0,0,1,0,0,0,1,0,0,0,0,0,0,1,0,0,0,0,0
1,623,0,0,0,0,1,0,0,0,0,1,0,1,1,0,0,0.125,0.16666666666666666,0.030725752114070404,0,1,0,0,0,0,1,0,0,0,0,0,0,0,0,0,0,0,1
0,624,0,0,0,0,1,0,0,0,0,1,0,1,0,0,1,0.0,0.0,0.015330377421392339,1,0,0,0,0,0,1,0,0,0,0,0,0,0,0,0,0,0,1
0,625,0,0,0,0,1,0,0,0,0,1,0,1,0,0,1,0.0,0.0,0.031425107138144774,0,1,0,0,0,0,1,0,0,0,0,0,0,0,0,0,0,0,1
0,626,0,0,0,0,0,0,1,1,0,0,0,1,0,0,1,0.0,0.0,0.06308600017332605,0,1,0,0,0,0,1,0,0,0,0,0,0,1,0,0,0,0,0
0,627,0,0,0,0,0,1,0,0,1,0,0,1,0,1,0,0.0,0.0,0.024105594605968193,0,1,0,0,0,0,0,0,1,0,0,0,0,0,0,0,0,0,1
1,628,0,0,0,0,1,0,0,1,0,0,1,0,0,0,1,0.0,0.0,0.15216446768991498,0,0,1,0,0,1,0,0,0,0,0,0,0,1,0,0,0,0,0
0,629,0,0,0,0,1,0,0,0,0,1,0,1,0,0,1,0.0,0.0,0.015411575213749286,1,0,0,0,0,0,1,0,0,0,0,0,0,0,0,0,0,0,1
0,630,1,0,0,0,0,0,0,0,0,1,0,1,0,1,0,0.0,0.0,0.015094396337354966,1,0,0,0,0,0,1,0,0,0,0,0,0,0,0,0,0,0,1
1,631,0,0,0,0,0,0,1,1,0,0,0,1,0,0,1,0.0,0.0,0.05855610025741262,0,1,0,0,0,0,1,0,0,0,1,0,0,0,0,0,0,0,0
0,632,0,0,0,0,0,1,0,0,0,1,0,1,0,0,1,0.0,0.0,0.013768881414528002,1,0,0,0,0,0,1,0,0,0,0,0,0,0,0,0,0,0,1
1,633,0,0,0,0,1,0,0,1,0,0,0,1,1,0,0,0.0,0.0,0.05953203526170282,0,1,0,0,0,0,0,0,1,0,0,1,0,0,0,0,0,0,0
0,634,1,0,0,0,0,0,0,1,0,0,0,1,0,0,1,0.0,0.0,0.0,0,0,0,0,0,0,1,0,0,0,0,0,0,0,0,0,0,0,1
0,635,0,0,1,0,0,0,0,0,0,1,1,0,0,0,1,0.375,0.3333333333333333,0.05445717323939373,0,1,0,0,0,1,0,0,0,0,0,0,0,0,0,0,0,0,1
1,636,0,0,0,0,1,0,0,0,1,0,1,0,0,0,1,0.0,0.0,0.025374310111545468,0,1,0,0,0,1,0,0,0,0,0,0,0,0,0,0,0,0,1
0,637,0,0,0,0,1,0,0,0,0,1,0,1,0,0,1,0.0,0.0,0.015468569817999833,1,0,0,0,0,0,1,0,0,0,0,0,0,0,0,0,0,0,1
0,638,0,0,0,0,1,0,0,0,1,0,0,1,0,0,1,0.125,0.16666666666666666,0.05123658772523604,0,1,0,0,0,0,1,0,0,0,0,0,0,0,0,0,0,0,1
0,639,0,0,0,0,0,1,0,0,0,1,1,0,0,0,1,0.0,0.8333333333333333,0.07746484096553544,0,1,0,0,0,0,0,1,0,0,0,0,0,0,0,0,0,0,1
0,640,1,0,0,0,0,0,0,0,0,1,0,1,0,0,1,0.125,0.0,0.031425107138144774,0,1,0,0,0,0,1,0,0,0,0,0,0,0,0,0,0,0,1
0,641,0,0,0,0,1,0,0,0,0,1,0,1,0,0,1,0.0,0.0,0.015330377421392339,1,0,0,0,0,0,1,0,0,0,0,0,0,0,0,0,0,0,1
1,642,0,0,0,0,1,0,0,1,0,0,1,0,1,0,0,0.0,0.0,0.13526459159462315,0,0,1,0,0,1,0,0,0,0,0,1,0,0,0,0,0,0,0
0,643,0,1,0,0,0,0,0,0,0,1,1,0,0,0,1,0.375,0.3333333333333333,0.05445717323939373,0,1,0,0,0,1,0,0,0,0,0,0,0,0,0,0,0,0,1
1,644,1,0,0,0,0,0,0,0,0,1,0,1,0,0,1,0.0,0.0,0.11027245763075773,0,0,1,0,0,0,1,0,0,0,0,0,0,0,0,0,0,0,1
1,645,0,1,0,0,0,0,0,0,0,1,1,0,1,0,0,0.25,0.16666666666666666,0.03758969818624431,0,1,0,0,0,1,0,0,0,0,0,0,0,0,0,0,0,0,1
1,646,0,0,0,0,0,1,0,1,0,0,0,1,1,0,0,0.125,0.0,0.1497654242623688,0,0,1,0,0,0,1,0,0,0,0,0,0,1,0,0,0,0,0
0,647,0,0,0,0,1,0,0,0,0,1,0,1,0,0,1,0.0,0.0,0.015411575213749286,1,0,0,0,0,0,1,0,0,0,0,0,0,0,0,0,0,0,1
1,648,0,0,0,0,0,1,0,1,0,0,0,1,1,0,0,0.0,0.0,0.06929138530460494,0,1,0,0,0,0,0,0,1,0,1,0,0,0,0,0,0,0,0
0,649,1,0,0,0,0,0,0,0,0,1,0,1,0,0,1,0.0,0.0,0.014736618564782174,1,0,0,0,0,0,1,0,0,0,0,0,0,0,0,0,0,0,1
1,650,0,0,0,0,1,0,0,0,0,1,1,0,0,0,1,0.0,0.0,0.014736618564782174,1,0,0,0,0,1,0,0,0,0,0,0,0,0,0,0,0,0,1
0,651,1,0,0,0,0,0,0,0,0,1,0,1,0,0,1,0.0,0.0,0.015411575213749286,1,0,0,0,0,0,1,0,0,0,0,0,0,0,0,0,0,0,1
1,652,0,0,0,1,0,0,0,0,1,0,1,0,0,0,1,0.0,0.16666666666666666,0.044893010197349675,0,1,0,0,0,1,0,0,0,0,0,0,0,0,0,0,0,0,1
0,653,0,0,0,0,1,0,0,0,0,1,0,1,0,0,1,0.0,0.0,0.01646070534336126,1,0,0,0,0,0,1,0,0,0,0,0,0,0,0,0,0,0,1
1,654,1,0,0,0,0,0,0,0,0,1,1,0,0,1,0,0.0,0.0,0.015281580671177828,1,0,0,0,0,1,0,0,0,0,0,0,0,0,0,0,0,0,1
0,655,0,0,0,1,0,0,0,0,0,1,1,0,0,1,0,0.0,0.0,0.013175122557917838,1,0,0,0,0,1,0,0,0,0,0,0,0,0,0,0,0,0,1
0,656,0,0,0,0,1,0,0,0,1,0,0,1,0,0,1,0.25,0.0,0.1434624456306609,0,0,1,0,0,0,1,0,0,0,0,0,0,0,0,0,0,0,1
0,657,1,0,0,0,0,0,0,0,0,1,0,1,0,0,1,0.0,0.0,0.015411575213749286,1,0,0,0,0,0,1,0,0,0,0,0,0,0,0,0,0,0,1
0,658,0,0,0,0,1,0,0,0,0,1,1,0,0,1,0,0.125,0.16666666666666666,0.030253985132996517,0,1,0,0,0,0,0,1,0,0,0,0,0,0,0,0,0,0,1
0,659,0,0,0,0,1,0,0,0,1,0,0,1,0,0,1,0.0,0.0,0.025374310111545468,0,1,0,0,0,0,1,0,0,0,0,0,0,0,0,0,0,0,1
0,660,0,0,0,0,0,1,0,1,0,0,0,1,1,0,0,0.0,0.3333333333333333,0.22109807522194713,0,0,0,1,0,0,1,0,0,0,0,0,0,1,0,0,0,0,0
1,661,0,0,0,0,0,1,0,1,0,0,0,1,0,0,1,0.25,0.0,0.2608674266467732,0,0,0,1,0,0,0,0,1,0,0,0,0,0,0,0,0,0,1
0,662,0,0,0,0,0,1,0,0,0,1,0,1,1,0,0,0.0,0.0,0.014102260811993537,1,0,0,0,0,0,1,0,0,0,0,0,0,0,0,0,0,0,1
0,663,0,0,0,0,0,1,0,1,0,0,0,1,0,0,1,0.0,0.0,0.04994347384455151,0,1,0,0,0,0,1,0,0,0,0,0,0,0,1,0,0,0,0
0,664,0,0,0,0,0,1,0,0,0,1,0,1,0,0,1,0.0,0.0,0.014630827210317117,1,0,0,0,0,0,1,0,0,0,0,0,0,0,0,0,0,0,1
1,665,0,0,0,0,1,0,0,0,0,1,0,1,0,0,1,0.125,0.0,0.015468569817999833,1,0,0,0,0,0,1,0,0,0,0,0,0,0,0,0,0,0,1
0,666,0,0,0,0,1,0,0,0,1,0,0,1,0,0,1,0.25,0.0,0.1434624456306609,0,0,1,0,0,0,1,0,0,0,0,0,0,0,0,0,0,0,1
0,667,0,0,0,0,1,0,0,0,1,0,0,1,0,0,1,0.0,0.0,0.025374310111545468,0,1,0,0,0,0,1,0,0,0,0,0,0,0,0,0,0,0,1
0,668,1,0,0,0,0,0,0,0,0,1,0,1,0,0,1,0.0,0.0,0.015175789316712771,1,0,0,0,0,0,1,0,0,0,0,0,0,0,0,0,0,0,1
0,669,0,0,0,0,0,1,0,0,0,1,0,1,0,0,1,0.0,0.0,0.015712553569072387,1,0,0,0,0,0,1,0,0,0,0,0,0,0,0,0,0,0,1
1,670,1,0,0,0,0,0,0,1,0,0,1,0,0,0,1,0.125,0.0,0.10149724044618187,0,0,1,0,0,0,0,1,0,0,0,0,1,0,0,0,0,0,0
1,671,0,0,0,0,0,1,0,0,1,0,1,0,0,0,1,0.125,0.16666666666666666,0.07612293033463641,0,1,0,0,0,0,0,1,0,0,0,0,0,0,0,0,0,0,1
0,672,0,0,0,0,1,0,0,1,0,0,0,1,0,0,1,0.125,0.0,0.10149724044618187,0,0,1,0,0,0,1,0,0,0,0,1,0,0,0,0,0,0,0
0,673,0,0,0,0,0,0,1,0,1,0,0,1,0,0,1,0.0,0.0,0.020494635090094415,1,0,0,0,0,0,1,0,0,0,0,0,0,0,0,0,0,0,1
1,674,0,0,0,0,1,0,0,0,1,0,0,1,0,0,1,0.0,0.0,0.025374310111545468,0,1,0,0,0,0,1,0,0,0,0,0,0,0,0,0,0,0,1
0,675,1,0,0,0,0,0,0,0,1,0,0,1,0,0,1,0.0,0.0,0.0,0,0,0,0,0,0,1,0,0,0,0,0,0,0,0,0,0,0,1
0,676,0,0,0,1,0,0,0,0,0,1,0,1,0,0,1,0.0,0.0,0.015175789316712771,1,0,0,0,0,0,1,0,0,0,0,0,0,0,0,0,0,0,1
0,677,0,0,0,0,1,0,0,0,0,1,0,1,0,0,1,0.0,0.0,0.015712553569072387,1,0,0,0,0,0,1,0,0,0,0,0,0,0,0,0,0,0,1
1,678,0,0,0,1,0,0,0,0,0,1,1,0,0,0,1,0.0,0.0,0.019209719063445922,1,0,0,0,0,1,0,0,0,0,0,0,0,0,0,0,0,0,1
0,679,0,0,0,0,0,1,0,0,0,1,1,0,0,0,1,0.125,1.0,0.09154270340242172,0,1,0,0,0,0,0,1,0,0,0,0,0,0,0,0,0,0,1
1,680,0,0,0,0,0,1,0,1,0,0,0,1,1,0,0,0.0,0.16666666666666666,1.0,0,0,0,1,0,0,1,0,0,0,0,1,0,0,0,0,0,0,0
0,681,1,0,0,0,0,0,0,0,0,1,1,0,0,1,0,0.0,0.0,0.01588334219482317,1,0,0,0,0,1,0,0,0,0,0,0,0,0,0,0,0,0,1
1,682,0,0,0,0,1,0,0,1,0,0,0,1,1,0,0,0.0,0.0,0.1497654242623688,0,0,1,0,0,0,1,0,0,0,0,0,0,1,0,0,0,0,0
0,683,0,0,0,0,1,0,0,0,0,1,0,1,0,0,1,0.0,0.0,0.01800600082915438,1,0,0,0,0,0,1,0,0,0,0,0,0,0,0,0,0,0,1
0,684,0,0,0,1,0,0,0,0,0,1,0,1,0,0,1,0.625,0.3333333333333333,0.09154270340242172,0,1,0,0,0,0,1,0,0,0,0,0,0,0,0,0,0,0,1
0,685,0,0,0,0,0,1,0,0,1,0,0,1,0,0,1,0.125,0.16666666666666666,0.07612293033463641,0,1,0,0,0,0,1,0,0,0,0,0,0,0,0,0,0,0,1
0,686,0,0,0,0,1,0,0,0,1,0,0,1,1,0,0,0.125,0.3333333333333333,0.08115719346076702,0,1,0,0,0,0,1,0,0,0,0,0,0,0,0,0,0,0,1
0,687,0,0,0,1,0,0,0,0,0,1,0,1,0,0,1,0.5,0.16666666666666666,0.07746484096553544,0,1,0,0,0,0,1,0,0,0,0,0,0,0,0,0,0,0,1
0,688,0,0,0,0,1,0,0,0,0,1,0,1,0,0,1,0.0,0.0,0.019852079483269742,1,0,0,0,0,0,1,0,0,0,0,0,0,0,0,0,0,0,1
0,689,0,0,0,1,0,0,0,0,0,1,0,1,0,0,1,0.0,0.0,0.015216388212891242,1,0,0,0,0,0,1,0,0,0,0,0,0,0,0,0,0,0,1
1,690,0,0,0,1,0,0,0,1,0,0,1,0,0,0,1,0.0,0.16666666666666666,0.41250332793836464,0,0,0,1,0,1,0,0,0,0,0,1,0,0,0,0,0,0,0
1,691,0,0,0,0,1,0,0,1,0,0,0,1,0,0,1,0.125,0.0,0.11125659048908397,0,0,1,0,0,0,1,0,0,0,0,1,0,0,0,0,0,0,0
1,692,0,1,0,0,0,0,0,0,0,1,1,0,1,0,0,0.0,0.16666666666666666,0.026187654344120927,0,1,0,0,0,1,0,0,0,0,0,0,0,0,0,0,0,0,1
1,693,1,0,0,0,0,0,0,0,0,1,0,1,0,0,1,0.0,0.0,0.11027245763075773,0,0,1,0,0,0,1,0,0,0,0,0,0,0,0,0,0,0,1
0,694,0,0,0,0,1,0,0,0,0,1,0,1,1,0,0,0.0,0.0,0.014102260811993537,1,0,0,0,0,0,1,0,0,0,0,0,0,0,0,0,0,0,1
0,695,0,0,0,0,0,1,0,1,0,0,0,1,0,0,1,0.0,0.0,0.051822148727810165,0,1,0,0,0,0,0,0,1,0,0,0,0,0,0,0,0,0,1
0,696,0,0,0,0,0,1,0,0,1,0,0,1,0,0,1,0.0,0.0,0.026350245115835676,0,1,0,0,0,0,1,0,0,0,0,0,0,0,0,0,0,0,1
0,697,0,0,0,0,0,1,0,0,0,1,0,1,0,0,1,0.0,0.0,0.015712553569072387,1,0,0,0,0,0,1,0,0,0,0,0,0,0,0,0,0,0,1
1,698,1,0,0,0,0,0,0,0,0,1,1,0,0,1,0,0.0,0.0,0.015094396337354966,1,0,0,0,0,1,0,0,0,0,0,0,0,0,0,0,0,0,1
0,699,0,0,0,0,0,1,0,1,0,0,0,1,1,0,0,0.125,0.16666666666666666,0.21642978772242535,0,0,0,1,0,0,1,0,0,0,0,0,1,0,0,0,0,0,0
0,700,0,0,0,0,0,1,0,0,0,1,0,1,0,0,1,0.0,0.0,0.014931805565640218,1,0,0,0,0,0,1,0,0,0,0,0,0,0,0,1,0,0,0
1,701,0,0,0,1,0,0,0,1,0,0,1,0,1,0,0,0.125,0.0,0.4440992237022602,0,0,0,1,0,0,0,1,0,0,0,0,1,0,0,0,0,0,0
1,702,0,0,0,0,1,0,0,1,0,0,0,1,0,0,1,0.0,0.0,0.05130978285055781,0,1,0,0,0,0,1,0,0,0,0,0,0,0,1,0,0,0,0
0,703,0,0,0,1,0,0,0,0,0,1,1,0,1,0,0,0.0,0.16666666666666666,0.028212719478023115,0,1,0,0,0,1,0,0,0,0,0,0,0,0,0,0,0,0,1
0,704,0,0,0,0,1,0,0,0,0,1,0,1,0,1,0,0.0,0.0,0.015110792045427042,1,0,0,0,0,0,1,0,0,0,0,0,0,0,0,0,0,0,1
0,705,0,0,0,0,1,0,0,0,0,1,0,1,0,0,1,0.125,0.0,0.015330377421392339,1,0,0,0,0,0,1,0,0,0,0,0,0,0,0,0,0,0,1
0,706,0,0,0,0,0,1,0,0,1,0,0,1,0,0,1,0.0,0.0,0.050748620223090936,0,1,0,0,0,0,1,0,0,0,0,0,0,0,0,0,0,0,1
1,707,0,0,0,0,0,1,0,0,1,0,1,0,0,0,1,0.0,0.0,0.026350245115835676,0,1,0,0,0,0,0,1,0,0,0,0,0,0,0,0,0,0,1
1,708,0,0,0,0,0,1,0,1,0,0,0,1,0,0,1,0.0,0.0,0.05130978285055781,0,1,0,0,0,0,1,0,0,0,0,0,0,0,1,0,0,0,0
1,709,0,0,0,0,1,0,0,1,0,0,1,0,0,0,1,0.0,0.0,0.29580589980036276,0,0,0,1,0,1,0,0,0,0,0,0,0,0,0,0,0,0,1
1,710,1,0,0,0,0,0,0,0,0,1,0,1,1,0,0,0.125,0.16666666666666666,0.029757819776815374,0,1,0,0,1,0,0,0,0,0,0,0,0,0,0,0,0,0,1
1,711,0,0,0,0,1,0,0,1,0,0,1,0,1,0,0,0.0,0.0,0.09662576327876685,0,1,0,0,0,1,0,0,0,0,0,0,1,0,0,0,0,0,0
0,712,1,0,0,0,0,0,0,1,0,0,0,1,0,0,1,0.0,0.0,0.051822148727810165,0,1,0,0,0,0,1,0,0,0,0,0,1,0,0,0,0,0,0
1,713,0,0,0,0,0,1,0,1,0,0,0,1,0,0,1,0.125,0.0,0.10149724044618187,0,0,1,0,0,0,1,0,0,0,0,0,1,0,0,0,0,0,0
0,714,0,0,0,0,1,0,0,0,0,1,0,1,0,0,1,0.0,0.0,0.018510168852370702,1,0,0,0,0,0,1,0,0,0,0,0,0,0,0,0,0,0,1
0,715,0,0,0,0,0,1,0,0,1,0,0,1,0,0,1,0.0,0.0,0.025374310111545468,0,1,0,0,0,0,1,0,0,0,0,0,0,0,0,0,0,0,1
0,716,0,0,0,0,1,0,0,0,0,1,0,1,0,0,1,0.0,0.0,0.014931805565640218,1,0,0,0,0,0,1,0,0,0,0,0,0,0,0,1,0,0,0
1,717,0,0,0,0,0,1,0,1,0,0,1,0,1,0,0,0.0,0.0,0.4440992237022602,0,0,0,1,0,1,0,0,0,0,0,0,1,0,0,0,0,0,0
1,718,0,0,0,0,1,0,0,0,1,0,1,0,0,0,1,0.0,0.0,0.020494635090094415,1,0,0,0,0,1,0,0,0,0,0,0,0,0,1,0,0,0,0
0,719,1,0,0,0,0,0,0,0,0,1,0,1,0,1,0,0.0,0.0,0.030253985132996517,0,1,0,0,0,0,1,0,0,0,0,0,0,0,0,0,0,0,1
0,720,0,0,0,0,1,0,0,0,0,1,0,1,0,0,1,0.0,0.0,0.015175789316712771,1,0,0,0,0,0,1,0,0,0,0,0,0,0,0,0,0,0,1
1,721,0,0,1,0,0,0,0,0,1,0,1,0,0,0,1,0.0,0.16666666666666666,0.06441171028315387,0,1,0,0,0,1,0,0,0,0,0,0,0,0,0,0,0,0,1
0,722,0,0,0,1,0,0,0,0,0,1,0,1,0,0,1,0.125,0.0,0.013768881414528002,1,0,0,0,0,0,1,0,0,0,0,0,0,0,0,0,0,0,1
0,723,0,0,0,0,1,0,0,0,1,0,0,1,0,0,1,0.0,0.0,0.025374310111545468,0,1,0,0,0,0,1,0,0,0,0,0,0,0,0,0,0,0,1
0,724,0,0,0,0,0,1,0,0,1,0,0,1,0,0,1,0.0,0.0,0.025374310111545468,0,1,0,0,0,0,1,0,0,0,0,0,0,0,0,0,0,0,1
1,725,0,0,0,0,1,0,0,1,0,0,0,1,0,0,1,0.125,0.0,0.10364429745562033,0,0,1,0,0,0,1,0,0,0,0,0,0,0,1,0,0,0,0
0,726,0,0,0,0,1,0,0,0,0,1,0,1,0,0,1,0.0,0.0,0.016908073949327893,1,0,0,0,0,0,1,0,0,0,0,0,0,0,0,0,0,0,1
1,727,0,0,0,0,1,0,0,0,1,0,1,0,0,0,1,0.375,0.0,0.04098927018018883,0,1,0,0,0,0,0,1,0,0,0,0,0,0,0,0,0,0,1
1,728,1,0,0,0,0,0,0,0,0,1,1,0,0,1,0,0.0,0.0,0.015102594191391004,1,0,0,0,0,1,0,0,0,0,0,0,0,0,0,0,0,0,1
0,729,0,0,0,0,1,0,0,0,1,0,0,1,0,0,1,0.125,0.0,0.050748620223090936,0,1,0,0,0,0,1,0,0,0,0,0,0,0,0,0,0,0,1
0,730,0,0,0,0,1,0,0,0,0,1,1,0,0,0,1,0.125,0.0,0.015468569817999833,1,0,0,0,0,1,0,0,0,0,0,0,0,0,0,0,0,0,1
1,731,0,0,0,0,1,0,0,1,0,0,1,0,0,0,1,0.0,0.0,0.41250332793836464,0,0,0,1,0,1,0,0,0,0,0,1,0,0,0,0,0,0,0
0,732,0,0,1,0,0,0,0,0,0,1,0,1,1,0,0,0.0,0.0,0.036670757786204655,0,1,0,0,0,0,1,0,0,0,0,0,0,0,0,0,0,0,1
0,733,1,0,0,0,0,0,0,0,1,0,0,1,0,0,1,0.0,0.0,0.0,0,0,0,0,0,0,1,0,0,0,0,0,0,0,0,0,0,0,1
0,734,0,0,0,0,1,0,0,0,1,0,0,1,0,0,1,0.0,0.0,0.025374310111545468,0,1,0,0,0,0,1,0,0,0,0,0,0,0,0,0,0,0,1
0,735,0,0,0,0,1,0,0,0,1,0,0,1,0,0,1,0.0,0.0,0.025374310111545468,0,1,0,0,0,0,1,0,0,0,0,0,0,0,0,0,0,0,1
0,736,0,0,0,0,1,0,0,0,0,1,0,1,0,0,1,0.0,0.0,0.031425107138144774,0,1,0,0,0,0,1,0,0,0,0,0,0,0,0,0,0,0,1
0,737,0,0,0,0,0,1,0,0,0,1,1,0,0,0,1,0.125,0.5,0.06709553154495196,0,1,0,0,0,0,0,1,0,0,0,0,0,0,0,0,0,0,1
1,738,0,0,0,0,1,0,0,1,0,0,0,1,1,0,0,0.0,0.0,1.0,0,0,0,1,0,0,1,0,0,0,0,1,0,0,0,0,0,0,0
0,739,1,0,0,0,0,0,0,0,0,1,0,1,0,0,1,0.0,0.0,0.015411575213749286,1,0,0,0,0,0,1,0,0,0,0,0,0,0,0,0,0,0,1
0,740,1,0,0,0,0,0,0,0,0,1,0,1,0,0,1,0.0,0.0,0.015411575213749286,1,0,0,0,0,0,1,0,0,0,0,0,0,0,0,0,0,0,1
1,741,1,0,0,0,0,0,0,1,0,0,0,1,0,0,1,0.0,0.0,0.05855610025741262,0,1,0,0,0,0,1,0,0,0,0,0,0,1,0,0,0,0,0
0,742,0,0,0,0,0,1,0,1,0,0,0,1,0,0,1,0.125,0.0,0.15390495017656614,0,0,1,0,0,0,1,0,0,0,0,0,1,0,0,0,0,0,0
1,743,0,0,0,0,1,0,0,1,0,0,1,0,1,0,0,0.25,0.3333333333333333,0.5121218935012878,0,0,0,1,0,1,0,0,0,0,0,1,0,0,0,0,0,0,0
0,744,0,0,0,0,1,0,0,0,0,1,0,1,0,0,1,0.125,0.0,0.031425107138144774,0,1,0,0,0,0,1,0,0,0,0,0,0,0,0,0,0,0,1
1,745,0,0,0,0,1,0,0,0,0,1,0,1,0,0,1,0.0,0.0,0.015468569817999833,1,0,0,0,0,0,1,0,0,0,0,0,0,0,0,0,0,0,1
0,746,0,0,0,0,0,0,1,1,0,0,0,1,0,0,1,0.125,0.16666666666666666,0.13858277060920987,0,0,1,0,0,0,0,0,1,0,0,1,0,0,0,0,0,0,0
0,747,0,0,0,1,0,0,0,0,0,1,0,1,0,0,1,0.125,0.16666666666666666,0.03952536767375352,0,1,0,0,0,0,1,0,0,0,0,0,0,0,0,0,0,0,1
1,748,0,0,0,0,1,0,0,0,1,0,1,0,0,0,1,0.0,0.0,0.025374310111545468,0,1,0,0,0,1,0,0,0,0,0,0,0,0,0,0,0,0,1
0,749,0,0,0,0,1,0,0,1,0,0,0,1,0,0,1,0.125,0.0,0.10364429745562033,0,0,1,0,0,0,1,0,0,0,0,0,0,1,0,0,0,0,0
0,750,0,0,0,0,1,0,0,0,0,1,0,1,0,1,0,0.0,0.0,0.015126992566498259,1,0,0,0,0,0,1,0,0,0,0,0,0,0,0,0,0,0,1
1,751,0,1,0,0,0,0,0,0,1,0,1,0,0,0,1,0.125,0.16666666666666666,0.044893010197349675,0,1,0,0,0,1,0,0,0,0,0,0,0,0,0,0,0,0,1
1,752,0,0,1,0,0,0,0,0,0,1,0,1,0,0,1,0.0,0.16666666666666666,0.024349578357040744,0,1,0,0,1,0,0,0,0,0,0,0,0,0,1,0,0,0,0
0,753,0,0,0,0,1,0,0,0,0,1,0,1,0,0,1,0.0,0.0,0.018542765081513996,1,0,0,0,0,0,1,0,0,0,0,0,0,0,0,0,0,0,1
0,754,0,0,0,0,1,0,0,0,0,1,0,1,0,0,1,0.0,0.0,0.015411575213749286,1,0,0,0,0,0,1,0,0,0,0,0,0,0,0,0,0,0,1
1,755,0,0,0,0,0,1,0,0,1,0,1,0,0,0,1,0.125,0.3333333333333333,0.12687155055772734,0,0,1,0,0,0,0,1,0,0,0,0,0,0,0,0,0,0,1
1,756,0,1,0,0,0,0,0,0,1,0,0,1,0,0,1,0.125,0.16666666666666666,0.028302115124416098,0,1,0,0,1,0,0,0,0,0,0,0,0,0,0,0,0,0,1
0,757,0,0,0,0,1,0,0,0,0,1,0,1,0,0,1,0.0,0.0,0.015216388212891242,1,0,0,0,0,0,1,0,0,0,0,0,0,0,0,0,0,0,1
0,758,0,0,0,1,0,0,0,0,1,0,0,1,0,0,1,0.0,0.0,0.022446505098674838,1,0,0,0,0,0,1,0,0,0,0,0,0,0,0,0,0,0,1
0,759,0,0,0,0,1,0,0,0,0,1,0,1,0,0,1,0.0,0.0,0.015712553569072387,1,0,0,0,0,0,1,0,0,0,0,0,0,0,0,0,0,0,1
1,760,0,0,0,0,1,0,0,1,0,0,1,0,0,0,1,0.0,0.0,0.16883675574220638,0,0,1,0,0,0,0,0,0,1,0,1,0,0,0,0,0,0,0
0,761,1,0,0,0,0,0,0,0,0,1,0,1,0,0,1,0.0,0.0,0.028302115124416098,0,1,0,0,0,0,1,0,0,0,0,0,0,0,0,0,0,0,1
0,762,0,0,0,0,0,1,0,0,0,1,0,1,0,0,1,0.0,0.0,0.013907073811135496,1,0,0,0,0,0,1,0,0,0,0,0,0,0,0,0,0,0,1
1,763,0,0,0,0,1,0,0,0,0,1,0,1,1,0,0,0.0,0.0,0.014110458666029575,1,0,0,0,0,0,1,0,0,0,0,0,0,0,0,0,0,0,1
1,764,0,0,0,0,0,1,0,1,0,0,1,0,0,0,1,0.125,0.3333333333333333,0.23422440102965048,0,0,0,1,0,0,0,1,0,0,0,1,0,0,0,0,0,0,0
0,765,0,0,0,1,0,0,0,0,0,1,0,1,0,0,1,0.0,0.0,0.015175789316712771,1,0,0,0,0,0,1,0,0,0,0,0,0,0,0,0,0,0,1
1,766,0,0,0,0,0,1,0,1,0,0,1,0,0,0,1,0.125,0.0,0.15216446768991498,0,0,1,0,0,0,0,1,0,0,0,0,0,1,0,0,0,0,0
0,767,1,0,0,0,0,0,0,1,0,0,0,1,1,0,0,0.0,0.0,0.07729405233978466,0,1,0,0,0,0,0,0,1,0,0,0,0,0,0,0,0,0,1
0,768,0,0,0,0,1,0,0,0,0,1,1,0,0,1,0,0.0,0.0,0.015126992566498259,1,0,0,0,0,1,0,0,0,0,0,0,0,0,0,0,0,0,1
0,769,1,0,0,0,0,0,0,0,0,1,0,1,0,1,0,0.125,0.0,0.04713766070721715,0,1,0,0,0,0,1,0,0,0,0,0,0,0,0,0,0,0,1
0,770,0,0,0,0,1,0,0,0,0,1,0,1,0,0,1,0.0,0.0,0.016322512946753766,1,0,0,0,0,0,1,0,0,0,0,0,0,0,0,0,0,0,1
0,771,0,0,0,0,1,0,0,0,0,1,0,1,0,0,1,0.0,0.0,0.018542765081513996,1,0,0,0,0,0,1,0,0,0,0,0,0,0,0,0,0,0,1
0,772,0,0,0,0,0,1,0,0,0,1,0,1,0,0,1,0.0,0.0,0.015330377421392339,1,0,0,0,0,0,1,0,0,0,0,0,0,0,0,0,0,0,1
0,773,0,0,0,0,0,1,0,0,1,0,1,0,0,0,1,0.0,0.0,0.020494635090094415,1,0,0,0,0,0,0,1,0,0,0,0,0,0,1,0,0,0,0
0,774,1,0,0,0,0,0,0,0,0,1,0,1,1,0,0,0.0,0.0,0.014102260811993537,1,0,0,0,0,0,1,0,0,0,0,0,0,0,0,0,0,0,1
1,775,0,0,0,0,0,1,0,0,1,0,1,0,0,0,1,0.125,0.5,0.044893010197349675,0,1,0,0,0,0,0,1,0,0,0,0,0,0,0,0,0,0,1
0,776,0,0,0,1,0,0,0,0,0,1,0,1,0,0,1,0.0,0.0,0.015126992566498259,1,0,0,0,0,0,1,0,0,0,0,0,0,0,0,0,0,0,1
0,777,1,0,0,0,0,0,0,0,0,1,0,1,0,1,0,0.0,0.0,0.015126992566498259,1,0,0,0,0,0,1,0,0,0,0,0,0,0,0,1,0,0,0
1,778,0,1,0,0,0,0,0,0,0,1,1,0,0,0,1,0.0,0.0,0.024349578357040744,0,1,0,0,0,1,0,0,0,0,0,0,0,0,0,0,0,0,1
0,779,1,0,0,0,0,0,0,0,0,1,0,1,0,1,0,0.0,0.0,0.015102594191391004,1,0,0,0,0,0,1,0,0,0,0,0,0,0,0,0,0,0,1
1,780,0,0,0,0,0,1,0,1,0,0,1,0,0,0,1,0.0,0.16666666666666666,0.41250332793836464,0,0,0,1,0,0,0,1,0,0,0,1,0,0,0,0,0,0,0
1,781,0,0,0,1,0,0,0,0,0,1,1,0,1,0,0,0.0,0.0,0.014110458666029575,1,0,0,0,0,1,0,0,0,0,0,0,0,0,0,0,0,0,1
1,782,0,0,0,1,0,0,0,1,0,0,1,0,0,0,1,0.125,0.0,0.11125659048908397,0,0,1,0,0,0,0,1,0,0,0,1,0,0,0,0,0,0,0
0,783,0,0,0,0,1,0,0,1,0,0,0,1,0,0,1,0.0,0.0,0.05855610025741262,0,1,0,0,0,0,1,0,0,0,0,0,0,1,0,0,0,0,0
0,784,1,0,0,0,0,0,0,0,0,1,0,1,0,0,1,0.125,0.3333333333333333,0.04577135170121086,0,1,0,0,0,0,1,0,0,0,0,0,0,0,0,0,0,0,1
0,785,0,0,0,0,1,0,0,0,0,1,0,1,0,0,1,0.0,0.0,0.013760683560491965,1,0,0,0,0,0,1,0,0,0,0,0,0,0,0,0,0,0,1
0,786,0,0,0,0,1,0,0,0,0,1,0,1,0,0,1,0.0,0.0,0.014151057562208049,1,0,0,0,0,0,1,0,0,0,0,0,0,0,0,0,0,0,1
1,787,0,0,0,1,0,0,0,0,0,1,1,0,0,0,1,0.0,0.0,0.014630827210317117,1,0,0,0,0,1,0,0,0,0,0,0,0,0,0,0,0,0,1
0,788,0,0,1,0,0,0,0,0,0,1,0,1,0,1,0,0.5,0.16666666666666666,0.05684821399990475,0,1,0,0,1,0,0,0,0,0,0,0,0,0,0,0,0,0,1
1,789,0,1,0,0,0,0,0,0,0,1,0,1,0,0,1,0.125,0.3333333333333333,0.04015972542654215,0,1,0,0,1,0,0,0,0,0,0,0,0,0,0,0,0,0,1
0,790,0,0,0,0,0,1,0,1,0,0,0,1,1,0,0,0.0,0.0,0.15458810467956932,0,0,1,0,0,0,1,0,0,0,0,1,0,0,0,0,0,0,0
0,791,1,0,0,0,0,0,0,0,0,1,0,1,0,1,0,0.0,0.0,0.015126992566498259,1,0,0,0,0,0,1,0,0,0,0,0,0,0,0,0,0,0,1
0,792,0,0,0,1,0,0,0,0,1,0,0,1,0,0,1,0.0,0.0,0.050748620223090936,0,1,0,0,0,0,1,0,0,0,0,0,0,0,0,0,0,0,1
0,793,1,0,0,0,0,0,0,0,0,1,1,0,0,0,1,1.0,0.3333333333333333,0.13575255909676825,0,0,1,0,0,1,0,0,0,0,0,0,0,0,0,0,0,0,1
0,794,1,0,0,0,0,0,0,1,0,0,0,1,1,0,0,0.0,0.0,0.05991421140938287,0,1,0,0,0,0,1,0,0,0,0,0,0,0,0,0,0,0,1
0,795,0,0,0,0,1,0,0,0,0,1,0,1,0,0,1,0.0,0.0,0.015411575213749286,1,0,0,0,0,0,1,0,0,0,0,0,0,0,0,0,0,0,1
0,796,0,0,0,0,0,1,0,0,1,0,0,1,0,0,1,0.0,0.0,0.025374310111545468,0,1,0,0,0,0,1,0,0,0,0,0,0,0,0,0,0,0,1
1,797,0,0,0,0,0,1,0,1,0,0,1,0,0,0,1,0.0,0.0,0.050610427826483444,0,1,0,0,0,0,0,0,1,0,0,0,0,1,0,0,0,0,0
1,798,0,0,0,0,1,0,0,0,0,1,1,0,0,0,1,0.0,0.0,0.016948672845506364,1,0,0,0,0,0,0,1,0,0,0,0,0,0,0,0,0,0,1
0,799,0,0,0,0,1,0,0,0,0,1,0,1,1,0,0,0.0,0.0,0.014110458666029575,1,0,0,0,0,0,1,0,0,0,0,0,0,0,0,0,0,0,1
0,800,0,0,0,0,1,0,0,0,0,1,1,0,0,0,1,0.125,0.16666666666666666,0.04713766070721715,0,1,0,0,0,0,0,1,0,0,0,0,0,0,0,0,0,0,1
0,801,0,0,0,0,1,0,0,0,1,0,0,1,0,0,1,0.0,0.0,0.025374310111545468,0,1,0,0,0,0,1,0,0,0,0,0,0,0,0,0,0,0,1
1,802,0,0,0,0,1,0,0,0,1,0,1,0,0,0,1,0.125,0.16666666666666666,0.05123658772523604,0,1,0,0,0,0,0,1,0,0,0,0,0,0,0,0,0,0,1
1,803,0,0,1,0,0,0,0,1,0,0,0,1,0,0,1,0.125,0.3333333333333333,0.23422440102965048,0,0,0,1,1,0,0,0,0,0,0,1,0,0,0,0,0,0,0
1,804,0,1,0,0,0,0,0,0,0,1,0,1,1,0,0,0.0,0.16666666666666666,0.016623491302076868,1,0,0,0,1,0,0,0,0,0,0,0,0,0,0,0,0,0,1
1,805,0,0,0,0,1,0,0,0,0,1,0,1,0,0,1,0.0,0.0,0.013614293309848433,1,0,0,0,0,0,1,0,0,0,0,0,0,0,0,0,0,0,1
0,806,0,0,0,0,1,0,0,0,0,1,0,1,0,0,1,0.0,0.0,0.015175789316712771,1,0,0,0,0,0,1,0,0,0,0,0,0,0,0,0,0,0,1
0,807,0,0,0,0,0,1,0,1,0,0,0,1,0,0,1,0.0,0.0,0.0,0,0,0,0,0,0,1,0,0,0,1,0,0,0,0,0,0,0,0
0,808,0,0,0,1,0,0,0,0,0,1,1,0,0,0,1,0.0,0.0,0.015175789316712771,1,0,0,0,0,1,0,0,0,0,0,0,0,0,0,0,0,0,1
0,809,0,0,0,0,0,1,0,0,1,0,0,1,0,0,1,0.0,0.0,0.025374310111545468,0,1,0,0,0,0,1,0,0,0,0,0,0,0,0,0,0,0,1
1,810,0,0,0,0,1,0,0,1,0,0,1,0,0,0,1,0.125,0.0,0.10364429745562033,0,0,1,0,0,0,0,1,0,0,0,0,0,0,1,0,0,0,0
0,811,0,0,0,0,1,0,0,0,0,1,0,1,0,0,1,0.0,0.0,0.015395374692678068,1,0,0,0,0,0,1,0,0,0,0,0,0,0,0,0,0,0,1
0,812,0,0,0,0,0,1,0,0,0,1,0,1,0,0,1,0.0,0.0,0.04713766070721715,0,1,0,0,0,0,1,0,0,0,0,0,0,0,0,0,0,0,1
0,813,0,0,0,0,1,0,0,0,1,0,0,1,0,0,1,0.0,0.0,0.020494635090094415,1,0,0,0,0,0,1,0,0,0,0,0,0,0,0,0,0,0,1
0,814,0,0,1,0,0,0,0,0,0,1,1,0,0,0,1,0.5,0.3333333333333333,0.06104473451835265,0,1,0,0,0,1,0,0,0,0,0,0,0,0,0,0,0,0,1
0,815,0,0,0,0,1,0,0,0,0,1,0,1,0,0,1,0.0,0.0,0.015712553569072387,1,0,0,0,0,0,1,0,0,0,0,0,0,0,0,0,0,0,1
0,816,1,0,0,0,0,0,0,1,0,0,0,1,0,0,1,0.0,0.0,0.0,0,0,0,0,0,0,1,0,0,0,0,1,0,0,0,0,0,0,0
0,817,0,0,0,0,1,0,0,0,0,1,1,0,0,0,1,0.0,0.0,0.015468569817999833,1,0,0,0,0,1,0,0,0,0,0,0,0,0,0,0,0,0,1
0,818,0,0,0,0,1,0,0,0,1,0,0,1,1,0,0,0.125,0.16666666666666666,0.07222738817151159,0,1,0,0,0,0,1,0,0,0,0,0,0,0,0,0,0,0,1
0,819,0,0,0,0,0,1,0,0,0,1,0,1,0,0,1,0.0,0.0,0.012589561555343713,1,0,0,0,0,0,1,0,0,0,0,0,0,0,0,0,0,0,1
0,820,0,0,1,0,0,0,0,0,0,1,0,1,0,0,1,0.375,0.3333333333333333,0.05445717323939373,0,1,0,0,1,0,0,0,0,0,0,0,0,0,0,0,0,0,1
1,821,0,0,0,0,0,1,0,1,0,0,1,0,0,0,1,0.125,0.16666666666666666,0.18249984580226933,0,0,1,0,0,0,0,1,0,0,0,1,0,0,0,0,0,0,0
1,822,0,0,0,0,1,0,0,0,0,1,0,1,0,0,1,0.0,0.0,0.016908073949327893,1,0,0,0,0,0,1,0,0,0,0,0,0,0,0,0,0,0,1
0,823,0,0,0,0,0,1,0,1,0,0,0,1,0,0,1,0.0,0.0,0.0,0,0,0,0,0,0,0,0,0,1,0,0,0,0,0,0,0,0,1
1,824,0,0,0,0,1,0,0,0,0,1,1,0,0,0,1,0.0,0.16666666666666666,0.024349578357040744,0,1,0,0,0,0,0,1,0,0,0,0,0,0,1,0,0,0,0
0,825,0,1,0,0,0,0,0,0,0,1,0,1,0,0,1,0.5,0.16666666666666666,0.07746484096553544,0,1,0,0,1,0,0,0,0,0,0,0,0,0,0,0,0,0,1
0,826,1,0,0,0,0,0,0,0,0,1,0,1,0,1,0,0.0,0.0,0.013565496559633922,1,0,0,0,0,0,1,0,0,0,0,0,0,0,0,0,0,0,1
0,827,1,0,0,0,0,0,0,0,0,1,0,1,0,0,1,0.0,0.0,0.11027245763075773,0,0,1,0,0,0,1,0,0,0,0,0,0,0,0,0,0,0,1
1,828,0,1,0,0,0,0,0,0,1,0,0,1,1,0,0,0.0,0.3333333333333333,0.07222738817151159,0,1,0,0,1,0,0,0,0,0,0,0,0,0,0,0,0,0,1
1,829,1,0,0,0,0,0,0,0,0,1,0,1,0,1,0,0.0,0.0,0.015126992566498259,1,0,0,0,0,0,1,0,0,0,0,0,0,0,0,0,0,0,1
1,830,0,0,0,0,0,0,1,1,0,0,1,0,0,0,1,0.0,0.0,0.15614960068643363,0,0,1,0,0,0,0,1,0,0,0,1,0,0,0,0,0,0,0
1,831,0,0,0,1,0,0,0,0,0,1,1,0,1,0,0,0.125,0.0,0.028212719478023115,0,1,0,0,0,0,0,1,0,0,0,0,0,0,0,0,0,0,1
1,832,0,1,0,0,0,0,0,0,1,0,0,1,0,0,1,0.125,0.16666666666666666,0.03659756266088288,0,1,0,0,1,0,0,0,0,0,0,0,0,0,0,0,0,0,1
0,833,1,0,0,0,0,0,0,0,0,1,0,1,1,0,0,0.0,0.0,0.014110458666029575,1,0,0,0,0,0,1,0,0,0,0,0,0,0,0,0,0,0,1
0,834,0,0,0,0,1,0,0,0,0,1,0,1,0,0,1,0.0,0.0,0.015330377421392339,1,0,0,0,0,0,1,0,0,0,0,0,0,0,0,0,0,0,1
0,835,0,0,0,1,0,0,0,0,0,1,0,1,0,0,1,0.0,0.0,0.016200521071217493,1,0,0,0,0,0,1,0,0,0,0,0,0,0,0,0,0,0,1
1,836,0,0,0,0,0,1,0,1,0,0,1,0,1,0,0,0.125,0.16666666666666666,0.16231419173453318,0,0,1,0,0,1,0,0,0,0,0,0,0,0,1,0,0,0,0
0,837,0,0,0,0,1,0,0,0,0,1,0,1,0,0,1,0.0,0.0,0.016908073949327893,1,0,0,0,0,0,1,0,0,0,0,0,0,0,0,0,0,0,1
0,838,1,0,0,0,0,0,0,0,0,1,0,1,0,0,1,0.0,0.0,0.015712553569072387,1,0,0,0,0,0,1,0,0,0,0,0,0,0,0,0,0,0,1
1,839,0,0,0,0,1,0,0,0,0,1,0,1,0,0,1,0.0,0.0,0.11027245763075773,0,0,1,0,0,0,1,0,0,0,0,0,0,0,0,0,0,0,1
1,840,1,0,0,0,0,0,0,1,0,0,0,1,1,0,0,0.0,0.0,0.057970539254838485,0,1,0,0,0,0,1,0,0,0,0,0,1,0,0,0,0,0,0
0,841,0,0,0,0,1,0,0,0,0,1,0,1,0,0,1,0.0,0.0,0.015468569817999833,1,0,0,0,0,0,1,0,0,0,0,0,0,0,0,0,0,0,1
0,842,0,0,0,1,0,0,0,0,1,0,0,1,0,0,1,0.0,0.0,0.020494635090094415,1,0,0,0,0,0,1,0,0,0,0,0,0,0,0,0,0,0,1
1,843,0,0,0,0,1,0,0,1,0,0,1,0,1,0,0,0.0,0.0,0.060507970265993034,0,1,0,0,0,1,0,0,0,0,0,0,0,0,0,0,0,0,1
0,844,0,0,0,0,1,0,0,0,0,1,0,1,1,0,0,0.0,0.0,0.012565163180236457,1,0,0,0,0,0,1,0,0,0,0,0,0,0,0,0,0,0,1
0,845,0,0,0,1,0,0,0,0,0,1,0,1,0,0,1,0.0,0.0,0.016908073949327893,1,0,0,0,0,0,1,0,0,0,0,0,0,0,0,0,0,0,1
0,846,0,0,0,0,0,1,0,0,0,1,0,1,0,0,1,0.0,0.0,0.014736618564782174,1,0,0,0,0,0,1,0,0,0,0,0,0,0,0,0,0,0,1
0,847,1,0,0,0,0,0,0,0,0,1,0,1,0,0,1,1.0,0.3333333333333333,0.13575255909676825,0,0,1,0,0,0,1,0,0,0,0,0,0,0,0,0,0,0,1
0,848,0,0,0,0,1,0,0,0,0,1,0,1,1,0,0,0.0,0.0,0.015411575213749286,1,0,0,0,0,0,1,0,0,0,0,0,0,0,0,0,0,0,1
0,849,0,0,0,0,1,0,0,0,1,0,0,1,0,0,1,0.0,0.16666666666666666,0.06441171028315387,0,1,0,0,0,0,0,0,1,0,0,0,0,0,0,0,0,0,1
1,850,1,0,0,0,0,0,0,1,0,0,1,0,1,0,0,0.125,0.0,0.17391981561855152,0,0,1,0,0,0,0,1,0,0,0,0,1,0,0,0,0,0,0
0,851,0,1,0,0,0,0,0,0,0,1,0,1,0,0,1,0.5,0.3333333333333333,0.06104473451835265,0,1,0,0,1,0,0,0,0,0,0,0,0,0,0,0,0,0,1
0,852,0,0,0,0,0,0,1,0,0,1,0,1,0,0,1,0.0,0.0,0.015175789316712771,1,0,0,0,0,0,1,0,0,0,0,0,0,0,0,0,0,0,1
0,853,0,0,1,0,0,0,0,0,0,1,1,0,1,0,0,0.125,0.16666666666666666,0.029757819776815374,0,1,0,0,0,1,0,0,0,0,0,0,0,0,0,0,0,0,1
1,854,0,0,0,1,0,0,0,1,0,0,1,0,0,0,1,0.0,0.16666666666666666,0.07690367833806856,0,1,0,0,0,1,0,0,0,0,0,0,0,1,0,0,0,0,0
0,855,0,0,0,0,0,1,0,0,1,0,1,0,0,0,1,0.125,0.0,0.050748620223090936,0,1,0,0,0,0,0,1,0,0,0,0,0,0,0,0,0,0,1
1,856,0,0,0,1,0,0,0,0,0,1,1,0,0,0,1,0.0,0.16666666666666666,0.018249984580226933,1,0,0,0,0,0,0,1,0,0,0,0,0,0,0,0,0,0,1
1,857,0,0,0,0,0,1,0,1,0,0,1,0,0,0,1,0.125,0.16666666666666666,0.32179836714362564,0,0,0,1,0,0,0,1,0,0,0,0,0,0,0,0,0,0,1
1,858,0,0,0,0,0,1,0,1,0,0,0,1,0,0,1,0.0,0.0,0.051822148727810165,0,1,0,0,0,0,1,0,0,0,0,0,0,0,1,0,0,0,0
1,859,0,0,0,0,1,0,0,0,0,1,1,0,1,0,0,0.0,0.5,0.03758969818624431,0,1,0,0,0,0,0,1,0,0,0,0,0,0,0,0,0,0,1
0,860,1,0,0,0,0,0,0,0,0,1,0,1,1,0,0,0.0,0.0,0.014110458666029575,1,0,0,0,0,0,1,0,0,0,0,0,0,0,0,0,0,0,1
0,861,0,0,0,0,0,1,0,0,0,1,0,1,0,0,1,0.25,0.0,0.027537567642055148,0,1,0,0,0,0,1,0,0,0,0,0,0,0,0,0,0,0,1
0,862,0,0,0,0,1,0,0,0,1,0,0,1,0,0,1,0.125,0.0,0.022446505098674838,1,0,0,0,0,0,1,0,0,0,0,0,0,0,0,0,0,0,1
1,863,0,0,0,0,0,1,0,1,0,0,1,0,0,0,1,0.0,0.0,0.050610427826483444,0,1,0,0,0,0,0,1,0,0,0,0,0,1,0,0,0,0,0
0,864,1,0,0,0,0,0,0,0,0,1,1,0,0,0,1,1.0,0.3333333333333333,0.13575255909676825,0,0,1,0,0,1,0,0,0,0,0,0,0,0,0,0,0,0,1
0,865,0,0,0,0,1,0,0,0,1,0,0,1,0,0,1,0.0,0.0,0.025374310111545468,0,1,0,0,0,0,1,0,0,0,0,0,0,0,0,0,0,0,1
1,866,0,0,0,0,0,1,0,0,1,0,1,0,0,0,1,0.0,0.0,0.025374310111545468,0,1,0,0,0,0,0,1,0,0,0,0,0,0,0,0,0,0,1
1,867,0,0,0,0,1,0,0,0,1,0,1,0,1,0,0,0.125,0.0,0.027049600139910042,0,1,0,0,0,1,0,0,0,0,0,0,0,0,0,0,0,0,1
0,868,0,0,0,0,1,0,0,1,0,0,0,1,0,0,1,0.0,0.0,0.09856123757927521,0,0,1,0,0,0,1,0,0,0,1,0,0,0,0,0,0,0,0
0,869,1,0,0,0,0,0,0,0,0,1,0,1,0,0,1,0.0,0.0,0.018542765081513996,1,0,0,0,0,0,1,0,0,0,0,0,0,0,0,0,0,0,1
1,870,0,1,0,0,0,0,0,0,0,1,0,1,0,0,1,0.125,0.16666666666666666,0.021730754366528396,1,0,0,0,1,0,0,0,0,0,0,0,0,0,0,0,0,0,1
0,871,0,0,0,0,1,0,0,0,0,1,0,1,0,0,1,0.0,0.0,0.015411575213749286,1,0,0,0,0,0,1,0,0,0,0,0,0,0,0,0,0,0,1
1,872,0,0,0,0,0,1,0,1,0,0,1,0,0,0,1,0.125,0.16666666666666666,0.10257896680493714,0,0,1,0,0,0,0,1,0,0,0,0,0,1,0,0,0,0,0
0,873,0,0,0,0,1,0,0,1,0,0,0,1,0,0,1,0.0,0.0,0.009759350042902102,1,0,0,0,0,0,1,0,0,0,0,1,0,0,0,0,0,0,0
0,874,0,0,0,0,0,1,0,0,0,1,0,1,0,0,1,0.0,0.0,0.017566830077223785,1,0,0,0,0,0,1,0,0,0,0,0,0,0,0,0,0,0,1
1,875,0,0,0,0,1,0,0,0,1,0,1,0,1,0,0,0.125,0.0,0.04684488020593009,0,1,0,0,0,0,0,1,0,0,0,0,0,0,0,0,0,0,1
1,876,0,0,0,1,0,0,0,0,0,1,1,0,1,0,0,0.0,0.0,0.014102260811993537,1,0,0,0,0,1,0,0,0,0,0,0,0,0,0,0,0,0,1
0,877,0,0,0,0,1,0,0,0,0,1,0,1,0,0,1,0.0,0.0,0.019217721730481106,1,0,0,0,0,0,1,0,0,0,0,0,0,0,0,0,0,0,1
0,878,0,0,0,0,1,0,0,0,0,1,0,1,0,0,1,0.0,0.0,0.015411575213749286,1,0,0,0,0,0,1,0,0,0,0,0,0,0,0,0,0,0,1
0,879,1,0,0,0,0,0,0,0,0,1,0,1,0,0,1,0.0,0.0,0.015411575213749286,1,0,0,0,0,0,1,0,0,0,0,0,0,0,0,0,0,0,1
1,880,0,0,0,0,0,1,0,1,0,0,1,0,1,0,0,0.0,0.16666666666666666,0.16231419173453318,0,0,1,0,0,0,0,1,0,0,0,0,1,0,0,0,0,0,0
1,881,0,0,0,0,1,0,0,0,1,0,1,0,0,0,1,0.0,0.16666666666666666,0.050748620223090936,0,1,0,0,0,0,0,1,0,0,0,0,0,0,0,0,0,0,1
0,882,0,0,0,0,1,0,0,0,0,1,0,1,0,0,1,0.0,0.0,0.015411575213749286,1,0,0,0,0,0,1,0,0,0,0,0,0,0,0,0,0,0,1
0,883,0,0,0,0,1,0,0,0,0,1,1,0,0,0,1,0.0,0.0,0.02052723131923771,1,0,0,0,0,1,0,0,0,0,0,0,0,0,0,0,0,0,1
0,884,0,0,0,0,1,0,0,0,1,0,0,1,0,0,1,0.0,0.0,0.020494635090094415,1,0,0,0,0,0,1,0,0,0,0,0,0,0,0,0,0,0,1
0,885,0,0,0,0,1,0,0,0,0,1,0,1,0,0,1,0.0,0.0,0.013760683560491965,1,0,0,0,0,0,1,0,0,0,0,0,0,0,0,0,0,0,1
0,886,0,0,0,0,0,1,0,0,0,1,1,0,0,1,0,0.0,0.8333333333333333,0.05684821399990475,0,1,0,0,0,0,0,1,0,0,0,0,0,0,0,0,0,0,1
0,887,0,0,0,0,1,0,0,0,1,0,0,1,0,0,1,0.0,0.0,0.025374310111545468,0,1,0,0,0,0,0,0,1,0,0,0,0,0,0,0,0,0,1
1,888,0,0,0,0,1,0,0,1,0,0,1,0,0,0,1,0.0,0.0,0.05855610025741262,0,1,0,0,0,1,0,0,0,0,0,1,0,0,0,0,0,0,0
0,889,1,0,0,0,0,0,0,0,0,1,1,0,0,0,1,0.125,0.3333333333333333,0.04577135170121086,0,1,0,0,0,1,0,0,0,0,0,0,0,0,0,0,0,0,1
1,890,0,0,0,0,1,0,0,1,0,0,0,1,1,0,0,0.0,0.0,0.05855610025741262,0,1,0,0,0,0,1,0,0,0,0,0,1,0,0,0,0,0,0
0,891,0,0,0,0,1,0,0,0,0,1,0,1,0,1,0,0.0,0.0,0.015126992566498259,1,0,0,0,0,0,1,0,0,0,0,0,0,0,0,0,0,0,1
